,0,1,2,3,4,5,6,7,8,9,10,11,12,13,14,15,16,17,18,19,20,21,22,23,24,25,26,27,28,29,30,31,32,33,34,35,36,37,38,39,40,41,42,43,44,45,46,47,48,49,50,51,52,53,54,55,56,57,58,59,60,61,62,63,64,65,66,67,68,69,70,71,72,73,74,75,76,77,78,79,80,81,82,83,84,85
0,1.0,1.0,1.0,1.0,1.0,1.0,1.0,1.0,1.0,1.0,1.0,1.0,1.0,1.0,1.0,1.0,1.0,1.0,1.0,1.0,1.0,1.0,1.0,1.0,1.0,1.0,1.0,1.0,1.0,1.0,1.0,1.0,1.0,1.0,1.0,1.0,1.0,1.0,1.0,1.0,1.0,1.0,1.0,1.0,1.0,1.0,1.0,1.0,1.0,1.0,1.0,1.0,0.9333333333333333,1.0,1.0,1.0,1.0,0.8666666666666667,1.0,1.0,1.0,1.0,1.0,1.0,1.0,0.9333333333333333,0.9333333333333333,1.0,1.0,0.8666666666666667,1.0,1.0,1.0,0.9333333333333333,0.8666666666666667,1.0,1.0,0.9333333333333333,1.0,0.9333333333333333,0.9333333333333333,0.8666666666666667,0.9333333333333333,0.9333333333333333,0.9333333333333333,0.9333333333333333
1,1.0,1.0,1.0,1.0,1.0,1.0,1.0,1.0,1.0,1.0,1.0,1.0,1.0,1.0,1.0,1.0,1.0,1.0,1.0,1.0,1.0,1.0,1.0,1.0,1.0,1.0,1.0,1.0,1.0,1.0,1.0,1.0,1.0,1.0,1.0,1.0,1.0,1.0,1.0,1.0,1.0,1.0,1.0,1.0,1.0,1.0,1.0,1.0,1.0,1.0,1.0,1.0,0.9333333333333333,1.0,1.0,1.0,1.0,0.8666666666666667,1.0,1.0,1.0,1.0,1.0,1.0,1.0,0.9333333333333333,0.9333333333333333,1.0,1.0,0.8666666666666667,1.0,1.0,1.0,0.9333333333333333,0.8666666666666667,1.0,1.0,0.9333333333333333,1.0,0.9333333333333333,0.9333333333333333,0.8666666666666667,0.9333333333333333,0.9333333333333333,0.9333333333333333,0.9333333333333333
2,1.0,1.0,1.0,1.0,1.0,1.0,1.0,1.0,1.0,1.0,1.0,1.0,1.0,1.0,1.0,1.0,1.0,1.0,1.0,1.0,1.0,1.0,1.0,1.0,1.0,1.0,1.0,1.0,1.0,1.0,1.0,1.0,1.0,1.0,1.0,1.0,1.0,1.0,1.0,1.0,1.0,1.0,1.0,1.0,1.0,1.0,1.0,1.0,1.0,1.0,1.0,1.0,0.9333333333333333,1.0,1.0,1.0,1.0,0.8666666666666667,1.0,1.0,1.0,1.0,1.0,1.0,1.0,0.9333333333333333,0.9333333333333333,1.0,1.0,0.8666666666666667,1.0,1.0,1.0,0.9333333333333333,0.8666666666666667,1.0,1.0,0.9333333333333333,1.0,0.9333333333333333,0.9333333333333333,0.8666666666666667,0.9333333333333333,0.9333333333333333,0.9333333333333333,0.9333333333333333
3,1.0,1.0,1.0,1.0,1.0,1.0,1.0,1.0,1.0,1.0,1.0,1.0,1.0,1.0,1.0,1.0,1.0,1.0,1.0,1.0,1.0,1.0,1.0,1.0,1.0,1.0,1.0,1.0,1.0,1.0,1.0,1.0,1.0,1.0,1.0,1.0,1.0,1.0,1.0,1.0,1.0,1.0,1.0,1.0,1.0,1.0,1.0,1.0,1.0,1.0,1.0,1.0,0.9333333333333333,1.0,1.0,1.0,1.0,0.8666666666666667,1.0,1.0,1.0,1.0,1.0,1.0,1.0,0.9333333333333333,0.9333333333333333,1.0,1.0,0.8666666666666667,1.0,1.0,1.0,0.9333333333333333,0.8666666666666667,1.0,1.0,0.9333333333333333,1.0,0.9333333333333333,0.9333333333333333,0.8666666666666667,0.9333333333333333,0.9333333333333333,0.9333333333333333,0.9333333333333333
4,1.0,1.0,1.0,1.0,1.0,1.0,1.0,1.0,1.0,1.0,1.0,1.0,1.0,1.0,1.0,1.0,1.0,1.0,1.0,1.0,1.0,1.0,1.0,1.0,1.0,1.0,1.0,1.0,1.0,1.0,1.0,1.0,1.0,1.0,1.0,1.0,1.0,1.0,1.0,1.0,1.0,1.0,1.0,1.0,1.0,1.0,1.0,1.0,1.0,1.0,1.0,1.0,0.9333333333333333,1.0,1.0,1.0,1.0,0.8666666666666667,1.0,1.0,1.0,1.0,1.0,1.0,1.0,0.9333333333333333,0.9333333333333333,1.0,1.0,0.8666666666666667,1.0,1.0,1.0,0.9333333333333333,0.8666666666666667,1.0,1.0,0.9333333333333333,1.0,0.9333333333333333,0.9333333333333333,0.8666666666666667,0.9333333333333333,0.9333333333333333,0.9333333333333333,0.9333333333333333
5,1.0,1.0,1.0,1.0,1.0,1.0,1.0,1.0,1.0,1.0,1.0,1.0,1.0,1.0,1.0,1.0,1.0,1.0,1.0,1.0,1.0,1.0,1.0,1.0,1.0,1.0,1.0,1.0,1.0,1.0,1.0,1.0,1.0,1.0,1.0,1.0,1.0,1.0,1.0,1.0,1.0,1.0,1.0,1.0,1.0,1.0,1.0,1.0,1.0,1.0,1.0,1.0,0.9333333333333333,1.0,1.0,1.0,1.0,0.8666666666666667,1.0,1.0,1.0,1.0,1.0,1.0,1.0,0.9333333333333333,0.9333333333333333,1.0,1.0,0.8666666666666667,1.0,1.0,1.0,0.9333333333333333,0.8666666666666667,1.0,1.0,0.9333333333333333,1.0,0.9333333333333333,0.9333333333333333,0.8666666666666667,0.9333333333333333,0.9333333333333333,0.9333333333333333,0.9333333333333333
6,1.0,1.0,1.0,1.0,1.0,1.0,1.0,1.0,1.0,1.0,1.0,1.0,1.0,1.0,1.0,1.0,1.0,1.0,1.0,1.0,1.0,1.0,1.0,1.0,1.0,1.0,1.0,1.0,1.0,1.0,1.0,1.0,1.0,1.0,1.0,1.0,1.0,1.0,1.0,1.0,1.0,1.0,1.0,1.0,1.0,1.0,1.0,1.0,1.0,1.0,1.0,1.0,0.9333333333333333,1.0,1.0,1.0,1.0,0.8666666666666667,1.0,1.0,1.0,1.0,1.0,1.0,1.0,0.9333333333333333,0.9333333333333333,1.0,1.0,0.8666666666666667,1.0,1.0,1.0,0.9333333333333333,0.8666666666666667,1.0,1.0,0.9333333333333333,1.0,0.9333333333333333,0.9333333333333333,0.8666666666666667,0.9333333333333333,0.9333333333333333,0.9333333333333333,0.9333333333333333
7,1.0,1.0,1.0,1.0,1.0,1.0,1.0,1.0,1.0,1.0,1.0,1.0,1.0,1.0,1.0,1.0,1.0,1.0,1.0,1.0,1.0,1.0,1.0,1.0,1.0,1.0,1.0,1.0,1.0,1.0,1.0,1.0,1.0,1.0,1.0,1.0,1.0,1.0,1.0,1.0,1.0,1.0,1.0,1.0,1.0,1.0,1.0,1.0,1.0,1.0,1.0,1.0,0.9333333333333333,1.0,1.0,1.0,1.0,0.8666666666666667,1.0,1.0,1.0,1.0,1.0,1.0,1.0,0.9333333333333333,0.9333333333333333,1.0,1.0,0.8666666666666667,1.0,1.0,1.0,0.9333333333333333,0.8666666666666667,1.0,1.0,0.9333333333333333,1.0,0.9333333333333333,0.9333333333333333,0.8666666666666667,0.9333333333333333,0.9333333333333333,0.9333333333333333,0.9333333333333333
8,1.0,1.0,1.0,1.0,1.0,1.0,1.0,1.0,1.0,1.0,1.0,1.0,1.0,1.0,1.0,1.0,1.0,1.0,1.0,1.0,1.0,1.0,1.0,1.0,1.0,1.0,1.0,1.0,1.0,1.0,1.0,1.0,1.0,1.0,1.0,1.0,1.0,1.0,1.0,1.0,1.0,1.0,1.0,1.0,1.0,1.0,1.0,1.0,1.0,1.0,1.0,1.0,0.9333333333333333,1.0,1.0,1.0,1.0,0.8666666666666667,1.0,1.0,1.0,1.0,1.0,1.0,1.0,0.9333333333333333,0.9333333333333333,1.0,1.0,0.8666666666666667,1.0,1.0,1.0,0.9333333333333333,0.8666666666666667,1.0,1.0,0.9333333333333333,1.0,0.9333333333333333,0.9333333333333333,0.8666666666666667,0.9333333333333333,0.9333333333333333,0.9333333333333333,0.9333333333333333
9,1.0,1.0,1.0,1.0,1.0,1.0,1.0,1.0,1.0,1.0,1.0,1.0,1.0,1.0,1.0,1.0,1.0,1.0,1.0,1.0,1.0,1.0,1.0,1.0,1.0,1.0,1.0,1.0,1.0,1.0,1.0,1.0,1.0,1.0,1.0,1.0,1.0,1.0,1.0,1.0,1.0,1.0,1.0,1.0,1.0,1.0,1.0,1.0,1.0,1.0,1.0,1.0,0.9333333333333333,1.0,1.0,1.0,1.0,0.8666666666666667,1.0,1.0,1.0,1.0,1.0,1.0,1.0,0.9333333333333333,0.9333333333333333,1.0,1.0,0.8666666666666667,1.0,1.0,1.0,0.9333333333333333,0.8666666666666667,1.0,1.0,0.9333333333333333,1.0,0.9333333333333333,0.9333333333333333,0.8666666666666667,0.9333333333333333,0.9333333333333333,0.9333333333333333,0.9333333333333333
10,1.0,1.0,1.0,1.0,1.0,1.0,1.0,1.0,1.0,1.0,1.0,1.0,1.0,1.0,1.0,1.0,1.0,1.0,1.0,1.0,1.0,1.0,1.0,1.0,1.0,1.0,1.0,1.0,1.0,1.0,1.0,1.0,1.0,1.0,1.0,1.0,1.0,1.0,1.0,1.0,1.0,1.0,1.0,1.0,1.0,1.0,1.0,1.0,1.0,1.0,1.0,1.0,0.9333333333333333,1.0,1.0,1.0,1.0,0.8666666666666667,1.0,1.0,1.0,1.0,1.0,1.0,1.0,0.9333333333333333,0.9333333333333333,1.0,1.0,0.8666666666666667,1.0,1.0,1.0,0.9333333333333333,0.8666666666666667,1.0,1.0,0.9333333333333333,1.0,0.9333333333333333,0.9333333333333333,0.8666666666666667,0.9333333333333333,0.9333333333333333,0.9333333333333333,0.9333333333333333
11,1.0,1.0,1.0,1.0,1.0,1.0,1.0,1.0,1.0,1.0,1.0,1.0,1.0,1.0,1.0,1.0,1.0,1.0,1.0,1.0,1.0,1.0,1.0,1.0,1.0,1.0,1.0,1.0,1.0,1.0,1.0,1.0,1.0,1.0,1.0,1.0,1.0,1.0,1.0,1.0,1.0,1.0,1.0,1.0,1.0,1.0,1.0,1.0,1.0,1.0,1.0,1.0,0.9333333333333333,1.0,1.0,1.0,1.0,0.8666666666666667,1.0,1.0,1.0,1.0,1.0,1.0,1.0,0.9333333333333333,0.9333333333333333,1.0,1.0,0.8666666666666667,1.0,1.0,1.0,0.9333333333333333,0.8666666666666667,1.0,1.0,0.9333333333333333,1.0,0.9333333333333333,0.9333333333333333,0.8666666666666667,0.9333333333333333,0.9333333333333333,0.9333333333333333,0.9333333333333333
12,1.0,1.0,1.0,1.0,1.0,1.0,1.0,1.0,1.0,1.0,1.0,1.0,1.0,1.0,1.0,1.0,1.0,1.0,1.0,1.0,1.0,1.0,1.0,1.0,1.0,1.0,1.0,1.0,1.0,1.0,1.0,1.0,1.0,1.0,1.0,1.0,1.0,1.0,1.0,1.0,1.0,1.0,1.0,1.0,1.0,1.0,1.0,1.0,1.0,1.0,1.0,1.0,0.9333333333333333,1.0,1.0,1.0,1.0,0.8666666666666667,1.0,1.0,1.0,1.0,1.0,1.0,1.0,0.9333333333333333,0.9333333333333333,1.0,1.0,0.8666666666666667,1.0,1.0,1.0,0.9333333333333333,0.8666666666666667,1.0,1.0,0.9333333333333333,1.0,0.9333333333333333,0.9333333333333333,0.8666666666666667,0.9333333333333333,0.9333333333333333,0.9333333333333333,0.9333333333333333
13,1.0,1.0,1.0,1.0,1.0,1.0,1.0,1.0,1.0,1.0,1.0,1.0,1.0,1.0,1.0,1.0,1.0,1.0,1.0,1.0,1.0,1.0,1.0,1.0,1.0,1.0,1.0,1.0,1.0,1.0,1.0,1.0,1.0,1.0,1.0,1.0,1.0,1.0,1.0,1.0,1.0,1.0,1.0,1.0,1.0,1.0,1.0,1.0,1.0,1.0,1.0,1.0,0.9333333333333333,1.0,1.0,1.0,1.0,0.8666666666666667,1.0,1.0,1.0,1.0,1.0,1.0,1.0,0.9333333333333333,0.9333333333333333,1.0,1.0,0.8666666666666667,1.0,1.0,1.0,0.9333333333333333,0.8666666666666667,1.0,1.0,0.9333333333333333,1.0,0.9333333333333333,0.9333333333333333,0.8666666666666667,0.9333333333333333,0.9333333333333333,0.9333333333333333,0.9333333333333333
14,1.0,1.0,1.0,1.0,1.0,1.0,1.0,1.0,1.0,1.0,1.0,1.0,1.0,1.0,1.0,1.0,1.0,1.0,1.0,1.0,1.0,1.0,1.0,1.0,1.0,1.0,1.0,1.0,1.0,1.0,1.0,1.0,1.0,1.0,1.0,1.0,1.0,1.0,1.0,1.0,1.0,1.0,1.0,1.0,1.0,1.0,1.0,1.0,1.0,1.0,1.0,1.0,0.9333333333333333,1.0,1.0,1.0,1.0,0.8666666666666667,1.0,1.0,1.0,1.0,1.0,1.0,1.0,0.9333333333333333,0.9333333333333333,1.0,1.0,0.8666666666666667,1.0,1.0,1.0,0.9333333333333333,0.8666666666666667,1.0,1.0,0.9333333333333333,1.0,0.9333333333333333,0.9333333333333333,0.8666666666666667,0.9333333333333333,0.9333333333333333,0.9333333333333333,0.9333333333333333
15,1.0,1.0,1.0,1.0,1.0,1.0,1.0,1.0,1.0,1.0,1.0,1.0,1.0,1.0,1.0,1.0,1.0,1.0,1.0,1.0,1.0,1.0,1.0,1.0,1.0,1.0,1.0,1.0,1.0,1.0,1.0,1.0,1.0,1.0,1.0,1.0,1.0,1.0,1.0,1.0,1.0,1.0,1.0,1.0,1.0,1.0,1.0,1.0,1.0,1.0,1.0,1.0,0.9333333333333333,1.0,1.0,1.0,1.0,0.8666666666666667,1.0,1.0,1.0,1.0,1.0,1.0,1.0,0.9333333333333333,0.9333333333333333,1.0,1.0,0.8666666666666667,1.0,1.0,1.0,0.9333333333333333,0.8666666666666667,1.0,1.0,0.9333333333333333,1.0,0.9333333333333333,0.9333333333333333,0.8666666666666667,0.9333333333333333,0.9333333333333333,0.9333333333333333,0.9333333333333333
16,1.0,1.0,1.0,1.0,1.0,1.0,1.0,1.0,1.0,1.0,1.0,1.0,1.0,1.0,1.0,1.0,1.0,1.0,1.0,1.0,1.0,1.0,1.0,1.0,1.0,1.0,1.0,1.0,1.0,1.0,1.0,1.0,1.0,1.0,1.0,1.0,1.0,1.0,1.0,1.0,1.0,1.0,1.0,1.0,1.0,1.0,1.0,1.0,1.0,1.0,1.0,1.0,0.9333333333333333,1.0,1.0,1.0,1.0,0.8666666666666667,1.0,1.0,1.0,1.0,1.0,1.0,1.0,0.9333333333333333,0.9333333333333333,1.0,1.0,0.8666666666666667,1.0,1.0,1.0,0.9333333333333333,0.8666666666666667,1.0,1.0,0.9333333333333333,1.0,0.9333333333333333,0.9333333333333333,0.8666666666666667,0.9333333333333333,0.9333333333333333,0.9333333333333333,0.9333333333333333
17,1.0,1.0,1.0,1.0,1.0,1.0,1.0,1.0,1.0,1.0,1.0,1.0,1.0,1.0,1.0,1.0,1.0,1.0,1.0,1.0,1.0,1.0,1.0,1.0,1.0,1.0,1.0,1.0,1.0,1.0,1.0,1.0,1.0,1.0,1.0,1.0,1.0,1.0,1.0,1.0,1.0,1.0,1.0,1.0,1.0,1.0,1.0,1.0,1.0,1.0,1.0,1.0,0.9333333333333333,1.0,1.0,1.0,1.0,0.8666666666666667,1.0,1.0,1.0,1.0,1.0,1.0,1.0,0.9333333333333333,0.9333333333333333,1.0,1.0,0.8666666666666667,1.0,1.0,1.0,0.9333333333333333,0.8666666666666667,1.0,1.0,0.9333333333333333,1.0,0.9333333333333333,0.9333333333333333,0.8666666666666667,0.9333333333333333,0.9333333333333333,0.9333333333333333,0.9333333333333333
18,1.0,1.0,1.0,1.0,1.0,1.0,1.0,1.0,1.0,1.0,1.0,1.0,1.0,1.0,1.0,1.0,1.0,1.0,1.0,1.0,1.0,1.0,1.0,1.0,1.0,1.0,1.0,1.0,1.0,1.0,1.0,1.0,1.0,1.0,1.0,1.0,1.0,1.0,1.0,1.0,1.0,1.0,1.0,1.0,1.0,1.0,1.0,1.0,1.0,1.0,1.0,1.0,0.9333333333333333,1.0,1.0,1.0,1.0,0.8666666666666667,1.0,1.0,1.0,1.0,1.0,1.0,1.0,0.9333333333333333,0.9333333333333333,1.0,1.0,0.8666666666666667,1.0,1.0,1.0,0.9333333333333333,0.8666666666666667,1.0,1.0,0.9333333333333333,1.0,0.9333333333333333,0.9333333333333333,0.8666666666666667,0.9333333333333333,0.9333333333333333,0.9333333333333333,0.9333333333333333
19,1.0,1.0,1.0,1.0,1.0,1.0,1.0,1.0,1.0,1.0,1.0,1.0,1.0,1.0,1.0,1.0,1.0,1.0,1.0,1.0,1.0,1.0,1.0,1.0,1.0,1.0,1.0,1.0,1.0,1.0,1.0,1.0,1.0,1.0,1.0,1.0,1.0,1.0,1.0,1.0,1.0,1.0,1.0,1.0,1.0,1.0,1.0,1.0,1.0,1.0,1.0,1.0,0.9333333333333333,1.0,1.0,1.0,1.0,0.8666666666666667,1.0,1.0,1.0,1.0,1.0,1.0,1.0,0.9333333333333333,0.9333333333333333,1.0,1.0,0.8666666666666667,1.0,1.0,1.0,0.9333333333333333,0.8666666666666667,1.0,1.0,0.9333333333333333,1.0,0.9333333333333333,0.9333333333333333,0.8666666666666667,0.9333333333333333,0.9333333333333333,0.9333333333333333,0.9333333333333333
20,1.0,1.0,1.0,1.0,1.0,1.0,1.0,1.0,1.0,1.0,1.0,1.0,1.0,1.0,1.0,1.0,1.0,1.0,1.0,1.0,1.0,1.0,1.0,1.0,1.0,1.0,1.0,1.0,1.0,1.0,1.0,1.0,1.0,1.0,1.0,1.0,1.0,1.0,1.0,1.0,1.0,1.0,1.0,1.0,1.0,1.0,1.0,1.0,1.0,1.0,1.0,1.0,0.9333333333333333,1.0,1.0,1.0,1.0,0.8666666666666667,1.0,1.0,1.0,1.0,1.0,1.0,1.0,0.9333333333333333,0.9333333333333333,1.0,1.0,0.8666666666666667,1.0,1.0,1.0,0.9333333333333333,0.8666666666666667,1.0,1.0,0.9333333333333333,1.0,0.9333333333333333,0.9333333333333333,0.8666666666666667,0.9333333333333333,0.9333333333333333,0.9333333333333333,0.9333333333333333
21,1.0,1.0,1.0,1.0,1.0,1.0,1.0,1.0,1.0,1.0,1.0,1.0,1.0,1.0,1.0,1.0,1.0,1.0,1.0,1.0,1.0,1.0,1.0,1.0,1.0,1.0,1.0,1.0,1.0,1.0,1.0,1.0,1.0,1.0,1.0,1.0,1.0,1.0,1.0,1.0,1.0,1.0,1.0,1.0,1.0,1.0,1.0,1.0,1.0,1.0,1.0,1.0,0.9333333333333333,1.0,1.0,1.0,1.0,0.8666666666666667,1.0,1.0,1.0,1.0,1.0,1.0,1.0,0.9333333333333333,0.9333333333333333,1.0,1.0,0.8666666666666667,1.0,1.0,1.0,0.9333333333333333,0.8666666666666667,1.0,1.0,0.9333333333333333,1.0,0.9333333333333333,0.9333333333333333,0.8666666666666667,0.9333333333333333,0.9333333333333333,0.9333333333333333,0.9333333333333333
22,1.0,1.0,1.0,1.0,1.0,1.0,1.0,1.0,1.0,1.0,1.0,1.0,1.0,1.0,1.0,1.0,1.0,1.0,1.0,1.0,1.0,1.0,1.0,1.0,1.0,1.0,1.0,1.0,1.0,1.0,1.0,1.0,1.0,1.0,1.0,1.0,1.0,1.0,1.0,1.0,1.0,1.0,1.0,1.0,1.0,1.0,1.0,1.0,1.0,1.0,1.0,1.0,0.9333333333333333,1.0,1.0,1.0,1.0,0.8666666666666667,1.0,1.0,1.0,1.0,1.0,1.0,1.0,0.9333333333333333,0.9333333333333333,1.0,1.0,0.8666666666666667,1.0,1.0,1.0,0.9333333333333333,0.8666666666666667,1.0,1.0,0.9333333333333333,1.0,0.9333333333333333,0.9333333333333333,0.8666666666666667,0.9333333333333333,0.9333333333333333,0.9333333333333333,0.9333333333333333
23,1.0,1.0,1.0,1.0,1.0,1.0,1.0,1.0,1.0,1.0,1.0,1.0,1.0,1.0,1.0,1.0,1.0,1.0,1.0,1.0,1.0,1.0,1.0,1.0,1.0,1.0,1.0,1.0,1.0,1.0,1.0,1.0,1.0,1.0,1.0,1.0,1.0,1.0,1.0,1.0,1.0,1.0,1.0,1.0,1.0,1.0,1.0,1.0,1.0,1.0,1.0,1.0,0.9333333333333333,1.0,1.0,1.0,1.0,0.8666666666666667,1.0,1.0,1.0,1.0,1.0,1.0,1.0,0.9333333333333333,0.9333333333333333,1.0,1.0,0.8666666666666667,1.0,1.0,1.0,0.9333333333333333,0.8666666666666667,1.0,1.0,0.9333333333333333,1.0,0.9333333333333333,0.9333333333333333,0.8666666666666667,0.9333333333333333,0.9333333333333333,0.9333333333333333,0.9333333333333333
24,1.0,1.0,1.0,1.0,1.0,1.0,1.0,1.0,1.0,1.0,1.0,1.0,1.0,1.0,1.0,1.0,1.0,1.0,1.0,1.0,1.0,1.0,1.0,1.0,1.0,1.0,1.0,1.0,1.0,1.0,1.0,1.0,1.0,1.0,1.0,1.0,1.0,1.0,1.0,1.0,1.0,1.0,1.0,1.0,1.0,1.0,1.0,1.0,1.0,1.0,1.0,1.0,0.9333333333333333,1.0,1.0,1.0,1.0,0.8666666666666667,1.0,1.0,1.0,1.0,1.0,1.0,1.0,0.9333333333333333,0.9333333333333333,1.0,1.0,0.8666666666666667,1.0,1.0,1.0,0.9333333333333333,0.8666666666666667,1.0,1.0,0.9333333333333333,1.0,0.9333333333333333,0.9333333333333333,0.8666666666666667,0.9333333333333333,0.9333333333333333,0.9333333333333333,0.9333333333333333
25,1.0,1.0,1.0,1.0,1.0,1.0,1.0,1.0,1.0,1.0,1.0,1.0,1.0,1.0,1.0,1.0,1.0,1.0,1.0,1.0,1.0,1.0,1.0,1.0,1.0,1.0,1.0,1.0,1.0,1.0,1.0,1.0,1.0,1.0,1.0,1.0,1.0,1.0,1.0,1.0,1.0,1.0,1.0,1.0,1.0,1.0,1.0,1.0,1.0,1.0,1.0,1.0,0.9333333333333333,1.0,1.0,1.0,1.0,0.8666666666666667,1.0,1.0,1.0,1.0,1.0,1.0,1.0,0.9333333333333333,0.9333333333333333,1.0,1.0,0.8666666666666667,1.0,1.0,1.0,0.9333333333333333,0.8666666666666667,1.0,1.0,0.9333333333333333,1.0,0.9333333333333333,0.9333333333333333,0.8666666666666667,0.9333333333333333,0.9333333333333333,0.9333333333333333,0.9333333333333333
26,1.0,1.0,1.0,1.0,1.0,1.0,1.0,1.0,1.0,1.0,1.0,1.0,1.0,1.0,1.0,1.0,1.0,1.0,1.0,1.0,1.0,1.0,1.0,1.0,1.0,1.0,1.0,1.0,1.0,1.0,1.0,1.0,1.0,1.0,1.0,1.0,1.0,1.0,1.0,1.0,1.0,1.0,1.0,1.0,1.0,1.0,1.0,1.0,1.0,1.0,1.0,1.0,0.9333333333333333,1.0,1.0,1.0,1.0,0.8666666666666667,1.0,1.0,1.0,1.0,1.0,1.0,1.0,0.9333333333333333,0.9333333333333333,1.0,1.0,0.8666666666666667,1.0,1.0,1.0,0.9333333333333333,0.8666666666666667,1.0,1.0,0.9333333333333333,1.0,0.9333333333333333,0.9333333333333333,0.8666666666666667,0.9333333333333333,0.9333333333333333,0.9333333333333333,0.9333333333333333
27,1.0,1.0,1.0,1.0,1.0,1.0,1.0,1.0,1.0,1.0,1.0,1.0,1.0,1.0,1.0,1.0,1.0,1.0,1.0,1.0,1.0,1.0,1.0,1.0,1.0,1.0,1.0,1.0,1.0,1.0,1.0,1.0,1.0,1.0,1.0,1.0,1.0,1.0,1.0,1.0,1.0,1.0,1.0,1.0,1.0,1.0,1.0,1.0,1.0,1.0,1.0,1.0,0.9333333333333333,1.0,1.0,1.0,1.0,0.8666666666666667,1.0,1.0,1.0,1.0,1.0,1.0,1.0,0.9333333333333333,0.9333333333333333,1.0,1.0,0.8666666666666667,1.0,1.0,1.0,0.9333333333333333,0.8666666666666667,1.0,1.0,0.9333333333333333,1.0,0.9333333333333333,0.9333333333333333,0.8666666666666667,0.9333333333333333,0.9333333333333333,0.9333333333333333,0.9333333333333333
28,1.0,1.0,1.0,1.0,1.0,1.0,1.0,1.0,1.0,1.0,1.0,1.0,1.0,1.0,1.0,1.0,1.0,1.0,1.0,1.0,1.0,1.0,1.0,1.0,1.0,1.0,1.0,1.0,1.0,1.0,1.0,1.0,1.0,1.0,1.0,1.0,1.0,1.0,1.0,1.0,1.0,1.0,1.0,1.0,1.0,1.0,1.0,1.0,1.0,1.0,1.0,1.0,0.9333333333333333,1.0,1.0,1.0,1.0,0.8666666666666667,1.0,1.0,1.0,1.0,1.0,1.0,1.0,0.9333333333333333,0.9333333333333333,1.0,1.0,0.8666666666666667,1.0,1.0,1.0,0.9333333333333333,0.8666666666666667,1.0,1.0,0.9333333333333333,1.0,0.9333333333333333,0.9333333333333333,0.8666666666666667,0.9333333333333333,0.9333333333333333,0.9333333333333333,0.9333333333333333
29,1.0,1.0,1.0,1.0,1.0,1.0,1.0,1.0,1.0,1.0,1.0,1.0,1.0,1.0,1.0,1.0,1.0,1.0,1.0,1.0,1.0,1.0,1.0,1.0,1.0,1.0,1.0,1.0,1.0,1.0,1.0,1.0,1.0,1.0,1.0,1.0,1.0,1.0,1.0,1.0,1.0,1.0,1.0,1.0,1.0,1.0,1.0,1.0,1.0,1.0,1.0,1.0,0.9333333333333333,1.0,1.0,1.0,1.0,0.8666666666666667,1.0,1.0,1.0,1.0,1.0,1.0,1.0,0.9333333333333333,0.9333333333333333,1.0,1.0,0.8666666666666667,1.0,1.0,1.0,0.9333333333333333,0.8666666666666667,1.0,1.0,0.9333333333333333,1.0,0.9333333333333333,0.9333333333333333,0.8666666666666667,0.9333333333333333,0.9333333333333333,0.9333333333333333,0.9333333333333333
30,1.0,1.0,1.0,1.0,1.0,1.0,1.0,1.0,1.0,1.0,1.0,1.0,1.0,1.0,1.0,1.0,1.0,1.0,1.0,1.0,1.0,1.0,1.0,1.0,1.0,1.0,1.0,1.0,1.0,1.0,1.0,1.0,1.0,1.0,1.0,1.0,1.0,1.0,1.0,1.0,1.0,1.0,1.0,1.0,1.0,1.0,1.0,1.0,1.0,1.0,1.0,1.0,0.9333333333333333,1.0,1.0,1.0,1.0,0.8666666666666667,1.0,1.0,1.0,1.0,1.0,1.0,1.0,0.9333333333333333,0.9333333333333333,1.0,1.0,0.8666666666666667,1.0,1.0,1.0,0.9333333333333333,0.8666666666666667,1.0,1.0,0.9333333333333333,1.0,0.9333333333333333,0.9333333333333333,0.8666666666666667,0.9333333333333333,0.9333333333333333,0.9333333333333333,0.9333333333333333
31,1.0,1.0,1.0,1.0,1.0,1.0,1.0,1.0,1.0,1.0,1.0,1.0,1.0,1.0,1.0,1.0,1.0,1.0,1.0,1.0,1.0,1.0,1.0,1.0,1.0,1.0,1.0,1.0,1.0,1.0,1.0,1.0,1.0,1.0,1.0,1.0,1.0,1.0,1.0,1.0,1.0,1.0,1.0,1.0,1.0,1.0,1.0,1.0,1.0,1.0,1.0,1.0,0.9333333333333333,1.0,1.0,1.0,1.0,0.8666666666666667,1.0,1.0,1.0,1.0,1.0,1.0,1.0,0.9333333333333333,0.9333333333333333,1.0,1.0,0.8666666666666667,1.0,1.0,1.0,0.9333333333333333,0.8666666666666667,1.0,1.0,0.9333333333333333,1.0,0.9333333333333333,0.9333333333333333,0.8666666666666667,0.9333333333333333,0.9333333333333333,0.9333333333333333,0.9333333333333333
32,1.0,1.0,1.0,1.0,1.0,1.0,1.0,1.0,1.0,1.0,1.0,1.0,1.0,1.0,1.0,1.0,1.0,1.0,1.0,1.0,1.0,1.0,1.0,1.0,1.0,1.0,1.0,1.0,1.0,1.0,1.0,1.0,1.0,1.0,1.0,1.0,1.0,1.0,1.0,1.0,1.0,1.0,1.0,1.0,1.0,1.0,1.0,1.0,1.0,1.0,1.0,1.0,0.9333333333333333,1.0,1.0,1.0,1.0,0.8666666666666667,1.0,1.0,1.0,1.0,1.0,1.0,1.0,0.9333333333333333,0.9333333333333333,1.0,1.0,0.8666666666666667,1.0,1.0,1.0,0.9333333333333333,0.8666666666666667,1.0,1.0,0.9333333333333333,1.0,0.9333333333333333,0.9333333333333333,0.8666666666666667,0.9333333333333333,0.9333333333333333,0.9333333333333333,0.9333333333333333
33,1.0,1.0,1.0,1.0,1.0,1.0,1.0,1.0,1.0,1.0,1.0,1.0,1.0,1.0,1.0,1.0,1.0,1.0,1.0,1.0,1.0,1.0,1.0,1.0,1.0,1.0,1.0,1.0,1.0,1.0,1.0,1.0,1.0,1.0,1.0,1.0,1.0,1.0,1.0,1.0,1.0,1.0,1.0,1.0,1.0,1.0,1.0,1.0,1.0,1.0,1.0,1.0,0.9333333333333333,1.0,1.0,1.0,1.0,0.8666666666666667,1.0,1.0,1.0,1.0,1.0,1.0,1.0,0.9333333333333333,0.9333333333333333,1.0,1.0,0.8666666666666667,1.0,1.0,1.0,0.9333333333333333,0.8666666666666667,1.0,1.0,0.9333333333333333,1.0,0.9333333333333333,0.9333333333333333,0.8666666666666667,0.9333333333333333,0.9333333333333333,0.9333333333333333,0.9333333333333333
34,1.0,1.0,1.0,1.0,1.0,1.0,1.0,1.0,1.0,1.0,1.0,1.0,1.0,1.0,1.0,1.0,1.0,1.0,1.0,1.0,1.0,1.0,1.0,1.0,1.0,1.0,1.0,1.0,1.0,1.0,1.0,1.0,1.0,1.0,1.0,1.0,1.0,1.0,1.0,1.0,1.0,1.0,1.0,1.0,1.0,1.0,1.0,1.0,1.0,1.0,1.0,1.0,0.9333333333333333,1.0,1.0,1.0,1.0,0.8666666666666667,1.0,1.0,1.0,1.0,1.0,1.0,1.0,0.9333333333333333,0.9333333333333333,1.0,1.0,0.8666666666666667,1.0,1.0,1.0,0.9333333333333333,0.8666666666666667,1.0,1.0,0.9333333333333333,1.0,0.9333333333333333,0.9333333333333333,0.8666666666666667,0.9333333333333333,0.9333333333333333,0.9333333333333333,0.9333333333333333
35,1.0,1.0,1.0,1.0,1.0,1.0,1.0,1.0,1.0,1.0,1.0,1.0,1.0,1.0,1.0,1.0,1.0,1.0,1.0,1.0,1.0,1.0,1.0,1.0,1.0,1.0,1.0,1.0,1.0,1.0,1.0,1.0,1.0,1.0,1.0,1.0,1.0,1.0,1.0,1.0,1.0,1.0,1.0,1.0,1.0,1.0,1.0,1.0,1.0,1.0,1.0,1.0,0.9333333333333333,1.0,1.0,1.0,1.0,0.8666666666666667,1.0,1.0,1.0,1.0,1.0,1.0,1.0,0.9333333333333333,0.9333333333333333,1.0,1.0,0.8666666666666667,1.0,1.0,1.0,0.9333333333333333,0.8666666666666667,1.0,1.0,0.9333333333333333,1.0,0.9333333333333333,0.9333333333333333,0.8666666666666667,0.9333333333333333,0.9333333333333333,0.9333333333333333,0.9333333333333333
36,1.0,1.0,1.0,1.0,1.0,1.0,1.0,1.0,1.0,1.0,1.0,1.0,1.0,1.0,1.0,1.0,1.0,1.0,1.0,1.0,1.0,1.0,1.0,1.0,1.0,1.0,1.0,1.0,1.0,1.0,1.0,1.0,1.0,1.0,1.0,1.0,1.0,1.0,1.0,1.0,1.0,1.0,1.0,1.0,1.0,1.0,1.0,1.0,1.0,1.0,1.0,1.0,0.9333333333333333,1.0,1.0,1.0,1.0,0.8666666666666667,1.0,1.0,1.0,1.0,1.0,1.0,1.0,0.9333333333333333,0.9333333333333333,1.0,1.0,0.8666666666666667,1.0,1.0,1.0,0.9333333333333333,0.8666666666666667,1.0,1.0,0.9333333333333333,1.0,0.9333333333333333,0.9333333333333333,0.8666666666666667,0.9333333333333333,0.9333333333333333,0.9333333333333333,0.9333333333333333
37,1.0,1.0,1.0,1.0,1.0,1.0,1.0,1.0,1.0,1.0,1.0,1.0,1.0,1.0,1.0,1.0,1.0,1.0,1.0,1.0,1.0,1.0,1.0,1.0,1.0,1.0,1.0,1.0,1.0,1.0,1.0,1.0,1.0,1.0,1.0,1.0,1.0,1.0,1.0,1.0,1.0,1.0,1.0,1.0,1.0,1.0,1.0,1.0,1.0,1.0,1.0,1.0,0.9333333333333333,1.0,1.0,1.0,1.0,0.8666666666666667,1.0,1.0,1.0,1.0,1.0,1.0,1.0,0.9333333333333333,0.9333333333333333,1.0,1.0,0.8666666666666667,1.0,1.0,1.0,0.9333333333333333,0.8666666666666667,1.0,1.0,0.9333333333333333,1.0,0.9333333333333333,0.9333333333333333,0.8666666666666667,0.9333333333333333,0.9333333333333333,0.9333333333333333,0.9333333333333333
38,1.0,1.0,1.0,1.0,1.0,1.0,1.0,1.0,1.0,1.0,1.0,1.0,1.0,1.0,1.0,1.0,1.0,1.0,1.0,1.0,1.0,1.0,1.0,1.0,1.0,1.0,1.0,1.0,1.0,1.0,1.0,1.0,1.0,1.0,1.0,1.0,1.0,1.0,1.0,1.0,1.0,1.0,1.0,1.0,1.0,1.0,1.0,1.0,1.0,1.0,1.0,1.0,0.9333333333333333,1.0,1.0,1.0,1.0,0.8666666666666667,1.0,1.0,1.0,1.0,1.0,1.0,1.0,0.9333333333333333,0.9333333333333333,1.0,1.0,0.8666666666666667,1.0,1.0,1.0,0.9333333333333333,0.8666666666666667,1.0,1.0,0.9333333333333333,1.0,0.9333333333333333,0.9333333333333333,0.8666666666666667,0.9333333333333333,0.9333333333333333,0.9333333333333333,0.9333333333333333
39,1.0,1.0,1.0,1.0,1.0,1.0,1.0,1.0,1.0,1.0,1.0,1.0,1.0,1.0,1.0,1.0,1.0,1.0,1.0,1.0,1.0,1.0,1.0,1.0,1.0,1.0,1.0,1.0,1.0,1.0,1.0,1.0,1.0,1.0,1.0,1.0,1.0,1.0,1.0,1.0,1.0,1.0,1.0,1.0,1.0,1.0,1.0,1.0,1.0,1.0,1.0,1.0,0.9333333333333333,1.0,1.0,1.0,1.0,0.8666666666666667,1.0,1.0,1.0,1.0,1.0,1.0,1.0,0.9333333333333333,0.9333333333333333,1.0,1.0,0.8666666666666667,1.0,1.0,1.0,0.9333333333333333,0.8666666666666667,1.0,1.0,0.9333333333333333,1.0,0.9333333333333333,0.9333333333333333,0.8666666666666667,0.9333333333333333,0.9333333333333333,0.9333333333333333,0.9333333333333333
40,1.0,1.0,1.0,1.0,1.0,1.0,1.0,1.0,1.0,1.0,1.0,1.0,1.0,1.0,1.0,1.0,1.0,1.0,1.0,1.0,1.0,1.0,1.0,1.0,1.0,1.0,1.0,1.0,1.0,1.0,1.0,1.0,1.0,1.0,1.0,1.0,1.0,1.0,1.0,1.0,1.0,1.0,1.0,1.0,1.0,1.0,1.0,1.0,1.0,1.0,1.0,1.0,0.9333333333333333,1.0,1.0,1.0,1.0,0.8666666666666667,1.0,1.0,1.0,1.0,1.0,1.0,1.0,0.9333333333333333,0.9333333333333333,1.0,1.0,0.8666666666666667,1.0,1.0,1.0,0.9333333333333333,0.8666666666666667,1.0,1.0,0.9333333333333333,1.0,0.9333333333333333,0.9333333333333333,0.8666666666666667,0.9333333333333333,0.9333333333333333,0.9333333333333333,0.9333333333333333
41,1.0,1.0,1.0,1.0,1.0,1.0,1.0,1.0,1.0,1.0,1.0,1.0,1.0,1.0,1.0,1.0,1.0,1.0,1.0,1.0,1.0,1.0,1.0,1.0,1.0,1.0,1.0,1.0,1.0,1.0,1.0,1.0,1.0,1.0,1.0,1.0,1.0,1.0,1.0,1.0,1.0,1.0,1.0,1.0,1.0,1.0,1.0,1.0,1.0,1.0,1.0,1.0,0.9333333333333333,1.0,1.0,1.0,1.0,0.8666666666666667,1.0,1.0,1.0,1.0,1.0,1.0,1.0,0.9333333333333333,0.9333333333333333,1.0,1.0,0.8666666666666667,1.0,1.0,1.0,0.9333333333333333,0.8666666666666667,1.0,1.0,0.9333333333333333,1.0,0.9333333333333333,0.9333333333333333,0.8666666666666667,0.9333333333333333,0.9333333333333333,0.9333333333333333,0.9333333333333333
42,1.0,1.0,1.0,1.0,1.0,1.0,1.0,1.0,1.0,1.0,1.0,1.0,1.0,1.0,1.0,1.0,1.0,1.0,1.0,1.0,1.0,1.0,1.0,1.0,1.0,1.0,1.0,1.0,1.0,1.0,1.0,1.0,1.0,1.0,1.0,1.0,1.0,1.0,1.0,1.0,1.0,1.0,1.0,1.0,1.0,1.0,1.0,1.0,1.0,1.0,1.0,1.0,0.9333333333333333,1.0,1.0,1.0,1.0,0.8666666666666667,1.0,1.0,1.0,1.0,1.0,1.0,1.0,0.9333333333333333,0.9333333333333333,1.0,1.0,0.8666666666666667,1.0,1.0,1.0,0.9333333333333333,0.8666666666666667,1.0,1.0,0.9333333333333333,1.0,0.9333333333333333,0.9333333333333333,0.8666666666666667,0.9333333333333333,0.9333333333333333,0.9333333333333333,0.9333333333333333
43,1.0,1.0,1.0,1.0,1.0,1.0,1.0,1.0,1.0,1.0,1.0,1.0,1.0,1.0,1.0,1.0,1.0,1.0,1.0,1.0,1.0,1.0,1.0,1.0,1.0,1.0,1.0,1.0,1.0,1.0,1.0,1.0,1.0,1.0,1.0,1.0,1.0,1.0,1.0,1.0,1.0,1.0,1.0,1.0,1.0,1.0,1.0,1.0,1.0,1.0,1.0,1.0,0.9333333333333333,1.0,1.0,1.0,1.0,0.8666666666666667,1.0,1.0,1.0,1.0,1.0,1.0,1.0,0.9333333333333333,0.9333333333333333,1.0,1.0,0.8666666666666667,1.0,1.0,1.0,0.9333333333333333,0.8666666666666667,1.0,1.0,0.9333333333333333,1.0,0.9333333333333333,0.9333333333333333,0.8666666666666667,0.9333333333333333,0.9333333333333333,0.9333333333333333,0.9333333333333333
44,1.0,1.0,1.0,1.0,1.0,1.0,1.0,1.0,1.0,1.0,1.0,1.0,1.0,1.0,1.0,1.0,1.0,1.0,1.0,1.0,1.0,1.0,1.0,1.0,1.0,1.0,1.0,1.0,1.0,1.0,1.0,1.0,1.0,1.0,1.0,1.0,1.0,1.0,1.0,1.0,1.0,1.0,1.0,1.0,1.0,1.0,1.0,1.0,1.0,1.0,1.0,1.0,0.9333333333333333,1.0,1.0,1.0,1.0,0.8666666666666667,1.0,1.0,1.0,1.0,1.0,1.0,1.0,0.9333333333333333,0.9333333333333333,1.0,1.0,0.8666666666666667,1.0,1.0,1.0,0.9333333333333333,0.8666666666666667,1.0,1.0,0.9333333333333333,1.0,0.9333333333333333,0.9333333333333333,0.8666666666666667,0.9333333333333333,0.9333333333333333,0.9333333333333333,0.9333333333333333
45,1.0,1.0,1.0,1.0,1.0,1.0,1.0,1.0,1.0,1.0,1.0,1.0,1.0,1.0,1.0,1.0,1.0,1.0,1.0,1.0,1.0,1.0,1.0,1.0,1.0,1.0,1.0,1.0,1.0,1.0,1.0,1.0,1.0,1.0,1.0,1.0,1.0,1.0,1.0,1.0,1.0,1.0,1.0,1.0,1.0,1.0,1.0,1.0,1.0,1.0,1.0,1.0,0.9333333333333333,1.0,1.0,1.0,1.0,0.8666666666666667,1.0,1.0,1.0,1.0,1.0,1.0,1.0,0.9333333333333333,0.9333333333333333,1.0,1.0,0.8666666666666667,1.0,1.0,1.0,0.9333333333333333,0.8666666666666667,1.0,1.0,0.9333333333333333,1.0,0.9333333333333333,0.9333333333333333,0.8666666666666667,0.9333333333333333,0.9333333333333333,0.9333333333333333,0.9333333333333333
46,1.0,1.0,1.0,1.0,1.0,1.0,1.0,1.0,1.0,1.0,1.0,1.0,1.0,1.0,1.0,1.0,1.0,1.0,1.0,1.0,1.0,1.0,1.0,1.0,1.0,1.0,1.0,1.0,1.0,1.0,1.0,1.0,1.0,1.0,1.0,1.0,1.0,1.0,1.0,1.0,1.0,1.0,1.0,1.0,1.0,1.0,1.0,1.0,1.0,1.0,1.0,1.0,0.9333333333333333,1.0,1.0,1.0,1.0,0.8666666666666667,1.0,1.0,1.0,1.0,1.0,1.0,1.0,0.9333333333333333,0.9333333333333333,1.0,1.0,0.8666666666666667,1.0,1.0,1.0,0.9333333333333333,0.8666666666666667,1.0,1.0,0.9333333333333333,1.0,0.9333333333333333,0.9333333333333333,0.8666666666666667,0.9333333333333333,0.9333333333333333,0.9333333333333333,0.9333333333333333
47,1.0,1.0,1.0,1.0,1.0,1.0,1.0,1.0,1.0,1.0,1.0,1.0,1.0,1.0,1.0,1.0,1.0,1.0,1.0,1.0,1.0,1.0,1.0,1.0,1.0,1.0,1.0,1.0,1.0,1.0,1.0,1.0,1.0,1.0,1.0,1.0,1.0,1.0,1.0,1.0,1.0,1.0,1.0,1.0,1.0,1.0,1.0,1.0,1.0,1.0,1.0,1.0,0.9333333333333333,1.0,1.0,1.0,1.0,0.8666666666666667,1.0,1.0,1.0,1.0,1.0,1.0,1.0,0.9333333333333333,0.9333333333333333,1.0,1.0,0.8666666666666667,1.0,1.0,1.0,0.9333333333333333,0.8666666666666667,1.0,1.0,0.9333333333333333,1.0,0.9333333333333333,0.9333333333333333,0.8666666666666667,0.9333333333333333,0.9333333333333333,0.9333333333333333,0.9333333333333333
48,1.0,1.0,1.0,1.0,1.0,1.0,1.0,1.0,1.0,1.0,1.0,1.0,1.0,1.0,1.0,1.0,1.0,1.0,1.0,1.0,1.0,1.0,1.0,1.0,1.0,1.0,1.0,1.0,1.0,1.0,1.0,1.0,1.0,1.0,1.0,1.0,1.0,1.0,1.0,1.0,1.0,1.0,1.0,1.0,1.0,1.0,1.0,1.0,1.0,1.0,1.0,1.0,0.9333333333333333,1.0,1.0,1.0,1.0,0.8666666666666667,1.0,1.0,1.0,1.0,1.0,1.0,1.0,0.9333333333333333,0.9333333333333333,1.0,1.0,0.8666666666666667,1.0,1.0,1.0,0.9333333333333333,0.8666666666666667,1.0,1.0,0.9333333333333333,1.0,0.9333333333333333,0.9333333333333333,0.8666666666666667,0.9333333333333333,0.9333333333333333,0.9333333333333333,0.9333333333333333
49,1.0,1.0,1.0,1.0,1.0,1.0,1.0,1.0,1.0,1.0,1.0,1.0,1.0,1.0,1.0,1.0,1.0,1.0,1.0,1.0,1.0,1.0,1.0,1.0,1.0,1.0,1.0,1.0,1.0,1.0,1.0,1.0,1.0,1.0,1.0,1.0,1.0,1.0,1.0,1.0,1.0,1.0,1.0,1.0,1.0,1.0,1.0,1.0,1.0,1.0,1.0,1.0,0.9333333333333333,1.0,1.0,1.0,1.0,0.8666666666666667,1.0,1.0,1.0,1.0,1.0,1.0,1.0,0.9333333333333333,0.9333333333333333,1.0,1.0,0.8666666666666667,1.0,1.0,1.0,0.9333333333333333,0.8666666666666667,1.0,1.0,0.9333333333333333,1.0,0.9333333333333333,0.9333333333333333,0.8666666666666667,0.9333333333333333,0.9333333333333333,0.9333333333333333,0.9333333333333333
50,1.0,1.0,1.0,1.0,1.0,1.0,1.0,1.0,1.0,1.0,1.0,1.0,1.0,1.0,1.0,1.0,1.0,1.0,1.0,1.0,1.0,1.0,1.0,1.0,1.0,1.0,1.0,1.0,1.0,1.0,1.0,1.0,1.0,1.0,1.0,1.0,1.0,1.0,1.0,1.0,1.0,1.0,1.0,1.0,1.0,1.0,1.0,1.0,1.0,1.0,1.0,1.0,0.9333333333333333,1.0,1.0,1.0,1.0,0.8666666666666667,1.0,1.0,1.0,1.0,1.0,1.0,1.0,0.9333333333333333,0.9333333333333333,1.0,1.0,0.8666666666666667,1.0,1.0,1.0,0.9333333333333333,0.8666666666666667,1.0,1.0,0.9333333333333333,1.0,0.9333333333333333,0.9333333333333333,0.8666666666666667,0.9333333333333333,0.9333333333333333,0.9333333333333333,0.9333333333333333
51,1.0,1.0,1.0,1.0,1.0,1.0,1.0,1.0,1.0,1.0,1.0,1.0,1.0,1.0,1.0,1.0,1.0,1.0,1.0,1.0,1.0,1.0,1.0,1.0,1.0,1.0,1.0,1.0,1.0,1.0,1.0,1.0,1.0,1.0,1.0,1.0,1.0,1.0,1.0,1.0,1.0,1.0,1.0,1.0,1.0,1.0,1.0,1.0,1.0,1.0,1.0,1.0,0.9333333333333333,1.0,1.0,1.0,1.0,0.8666666666666667,1.0,1.0,1.0,1.0,1.0,1.0,1.0,0.9333333333333333,0.9333333333333333,1.0,1.0,0.8666666666666667,1.0,1.0,1.0,0.9333333333333333,0.8666666666666667,1.0,1.0,0.9333333333333333,1.0,0.9333333333333333,0.9333333333333333,0.8666666666666667,0.9333333333333333,0.9333333333333333,0.9333333333333333,0.9333333333333333
52,0.9333333333333333,0.9333333333333333,0.9333333333333333,0.9333333333333333,0.9333333333333333,0.9333333333333333,0.9333333333333333,0.9333333333333333,0.9333333333333333,0.9333333333333333,0.9333333333333333,0.9333333333333333,0.9333333333333333,0.9333333333333333,0.9333333333333333,0.9333333333333333,0.9333333333333333,0.9333333333333333,0.9333333333333333,0.9333333333333333,0.9333333333333333,0.9333333333333333,0.9333333333333333,0.9333333333333333,0.9333333333333333,0.9333333333333333,0.9333333333333333,0.9333333333333333,0.9333333333333333,0.9333333333333333,0.9333333333333333,0.9333333333333333,0.9333333333333333,0.9333333333333333,0.9333333333333333,0.9333333333333333,0.9333333333333333,0.9333333333333333,0.9333333333333333,0.9333333333333333,0.9333333333333333,0.9333333333333333,0.9333333333333333,0.9333333333333333,0.9333333333333333,0.9333333333333333,0.9333333333333333,0.9333333333333333,0.9333333333333333,0.9333333333333333,0.9333333333333333,0.9333333333333333,1.0,0.9333333333333333,0.9333333333333333,0.9333333333333333,0.9333333333333333,0.9333333333333333,0.9333333333333333,0.9333333333333333,0.9333333333333333,0.9333333333333333,0.9333333333333333,0.9333333333333333,0.9333333333333333,1.0,1.0,0.9333333333333333,0.9333333333333333,0.9333333333333333,0.9333333333333333,0.9333333333333333,0.9333333333333333,0.8666666666666667,0.9333333333333333,0.9333333333333333,0.9333333333333333,0.8666666666666667,0.9333333333333333,1.0,1.0,0.9333333333333333,0.8666666666666667,0.8666666666666667,1.0,0.8666666666666667
53,1.0,1.0,1.0,1.0,1.0,1.0,1.0,1.0,1.0,1.0,1.0,1.0,1.0,1.0,1.0,1.0,1.0,1.0,1.0,1.0,1.0,1.0,1.0,1.0,1.0,1.0,1.0,1.0,1.0,1.0,1.0,1.0,1.0,1.0,1.0,1.0,1.0,1.0,1.0,1.0,1.0,1.0,1.0,1.0,1.0,1.0,1.0,1.0,1.0,1.0,1.0,1.0,0.9333333333333333,1.0,1.0,1.0,1.0,0.8666666666666667,1.0,1.0,1.0,1.0,1.0,1.0,1.0,0.9333333333333333,0.9333333333333333,1.0,1.0,0.8666666666666667,1.0,1.0,1.0,0.9333333333333333,0.8666666666666667,1.0,1.0,0.9333333333333333,1.0,0.9333333333333333,0.9333333333333333,0.8666666666666667,0.9333333333333333,0.9333333333333333,0.9333333333333333,0.9333333333333333
54,1.0,1.0,1.0,1.0,1.0,1.0,1.0,1.0,1.0,1.0,1.0,1.0,1.0,1.0,1.0,1.0,1.0,1.0,1.0,1.0,1.0,1.0,1.0,1.0,1.0,1.0,1.0,1.0,1.0,1.0,1.0,1.0,1.0,1.0,1.0,1.0,1.0,1.0,1.0,1.0,1.0,1.0,1.0,1.0,1.0,1.0,1.0,1.0,1.0,1.0,1.0,1.0,0.9333333333333333,1.0,1.0,1.0,1.0,0.8666666666666667,1.0,1.0,1.0,1.0,1.0,1.0,1.0,0.9333333333333333,0.9333333333333333,1.0,1.0,0.8666666666666667,1.0,1.0,1.0,0.9333333333333333,0.8666666666666667,1.0,1.0,0.9333333333333333,1.0,0.9333333333333333,0.9333333333333333,0.8666666666666667,0.9333333333333333,0.9333333333333333,0.9333333333333333,0.9333333333333333
55,1.0,1.0,1.0,1.0,1.0,1.0,1.0,1.0,1.0,1.0,1.0,1.0,1.0,1.0,1.0,1.0,1.0,1.0,1.0,1.0,1.0,1.0,1.0,1.0,1.0,1.0,1.0,1.0,1.0,1.0,1.0,1.0,1.0,1.0,1.0,1.0,1.0,1.0,1.0,1.0,1.0,1.0,1.0,1.0,1.0,1.0,1.0,1.0,1.0,1.0,1.0,1.0,0.9333333333333333,1.0,1.0,1.0,1.0,0.8666666666666667,1.0,1.0,1.0,1.0,1.0,1.0,1.0,0.9333333333333333,0.9333333333333333,1.0,1.0,0.8666666666666667,1.0,1.0,1.0,0.9333333333333333,0.8666666666666667,1.0,1.0,0.9333333333333333,1.0,0.9333333333333333,0.9333333333333333,0.8666666666666667,0.9333333333333333,0.9333333333333333,0.9333333333333333,0.9333333333333333
56,1.0,1.0,1.0,1.0,1.0,1.0,1.0,1.0,1.0,1.0,1.0,1.0,1.0,1.0,1.0,1.0,1.0,1.0,1.0,1.0,1.0,1.0,1.0,1.0,1.0,1.0,1.0,1.0,1.0,1.0,1.0,1.0,1.0,1.0,1.0,1.0,1.0,1.0,1.0,1.0,1.0,1.0,1.0,1.0,1.0,1.0,1.0,1.0,1.0,1.0,1.0,1.0,0.9333333333333333,1.0,1.0,1.0,1.0,0.8666666666666667,1.0,1.0,1.0,1.0,1.0,1.0,1.0,0.9333333333333333,0.9333333333333333,1.0,1.0,0.8666666666666667,1.0,1.0,1.0,0.9333333333333333,0.8666666666666667,1.0,1.0,0.9333333333333333,1.0,0.9333333333333333,0.9333333333333333,0.8666666666666667,0.9333333333333333,0.9333333333333333,0.9333333333333333,0.9333333333333333
57,0.8666666666666667,0.8666666666666667,0.8666666666666667,0.8666666666666667,0.8666666666666667,0.8666666666666667,0.8666666666666667,0.8666666666666667,0.8666666666666667,0.8666666666666667,0.8666666666666667,0.8666666666666667,0.8666666666666667,0.8666666666666667,0.8666666666666667,0.8666666666666667,0.8666666666666667,0.8666666666666667,0.8666666666666667,0.8666666666666667,0.8666666666666667,0.8666666666666667,0.8666666666666667,0.8666666666666667,0.8666666666666667,0.8666666666666667,0.8666666666666667,0.8666666666666667,0.8666666666666667,0.8666666666666667,0.8666666666666667,0.8666666666666667,0.8666666666666667,0.8666666666666667,0.8666666666666667,0.8666666666666667,0.8666666666666667,0.8666666666666667,0.8666666666666667,0.8666666666666667,0.8666666666666667,0.8666666666666667,0.8666666666666667,0.8666666666666667,0.8666666666666667,0.8666666666666667,0.8666666666666667,0.8666666666666667,0.8666666666666667,0.8666666666666667,0.8666666666666667,0.8666666666666667,0.9333333333333333,0.8666666666666667,0.8666666666666667,0.8666666666666667,0.8666666666666667,1.0,0.8666666666666667,0.8666666666666667,0.8666666666666667,0.8666666666666667,0.8666666666666667,0.8666666666666667,0.8666666666666667,0.9333333333333333,0.9333333333333333,0.8666666666666667,0.8666666666666667,1.0,0.8666666666666667,0.8666666666666667,0.8666666666666667,0.9333333333333333,1.0,0.8666666666666667,0.8666666666666667,0.9333333333333333,0.8666666666666667,0.9333333333333333,1.0,1.0,0.9333333333333333,0.9333333333333333,1.0,0.9333333333333333
58,1.0,1.0,1.0,1.0,1.0,1.0,1.0,1.0,1.0,1.0,1.0,1.0,1.0,1.0,1.0,1.0,1.0,1.0,1.0,1.0,1.0,1.0,1.0,1.0,1.0,1.0,1.0,1.0,1.0,1.0,1.0,1.0,1.0,1.0,1.0,1.0,1.0,1.0,1.0,1.0,1.0,1.0,1.0,1.0,1.0,1.0,1.0,1.0,1.0,1.0,1.0,1.0,0.9333333333333333,1.0,1.0,1.0,1.0,0.8666666666666667,1.0,1.0,1.0,1.0,1.0,1.0,1.0,0.9333333333333333,0.9333333333333333,1.0,1.0,0.8666666666666667,1.0,1.0,1.0,0.9333333333333333,0.8666666666666667,1.0,1.0,0.9333333333333333,1.0,0.9333333333333333,0.9333333333333333,0.8666666666666667,0.9333333333333333,0.9333333333333333,0.9333333333333333,0.9333333333333333
59,1.0,1.0,1.0,1.0,1.0,1.0,1.0,1.0,1.0,1.0,1.0,1.0,1.0,1.0,1.0,1.0,1.0,1.0,1.0,1.0,1.0,1.0,1.0,1.0,1.0,1.0,1.0,1.0,1.0,1.0,1.0,1.0,1.0,1.0,1.0,1.0,1.0,1.0,1.0,1.0,1.0,1.0,1.0,1.0,1.0,1.0,1.0,1.0,1.0,1.0,1.0,1.0,0.9333333333333333,1.0,1.0,1.0,1.0,0.8666666666666667,1.0,1.0,1.0,1.0,1.0,1.0,1.0,0.9333333333333333,0.9333333333333333,1.0,1.0,0.8666666666666667,1.0,1.0,1.0,0.9333333333333333,0.8666666666666667,1.0,1.0,0.9333333333333333,1.0,0.9333333333333333,0.9333333333333333,0.8666666666666667,0.9333333333333333,0.9333333333333333,0.9333333333333333,0.9333333333333333
60,1.0,1.0,1.0,1.0,1.0,1.0,1.0,1.0,1.0,1.0,1.0,1.0,1.0,1.0,1.0,1.0,1.0,1.0,1.0,1.0,1.0,1.0,1.0,1.0,1.0,1.0,1.0,1.0,1.0,1.0,1.0,1.0,1.0,1.0,1.0,1.0,1.0,1.0,1.0,1.0,1.0,1.0,1.0,1.0,1.0,1.0,1.0,1.0,1.0,1.0,1.0,1.0,0.9333333333333333,1.0,1.0,1.0,1.0,0.8666666666666667,1.0,1.0,1.0,1.0,1.0,1.0,1.0,0.9333333333333333,0.9333333333333333,1.0,1.0,0.8666666666666667,1.0,1.0,1.0,0.9333333333333333,0.8666666666666667,1.0,1.0,0.9333333333333333,1.0,0.9333333333333333,0.9333333333333333,0.8666666666666667,0.9333333333333333,0.9333333333333333,0.9333333333333333,0.9333333333333333
61,1.0,1.0,1.0,1.0,1.0,1.0,1.0,1.0,1.0,1.0,1.0,1.0,1.0,1.0,1.0,1.0,1.0,1.0,1.0,1.0,1.0,1.0,1.0,1.0,1.0,1.0,1.0,1.0,1.0,1.0,1.0,1.0,1.0,1.0,1.0,1.0,1.0,1.0,1.0,1.0,1.0,1.0,1.0,1.0,1.0,1.0,1.0,1.0,1.0,1.0,1.0,1.0,0.9333333333333333,1.0,1.0,1.0,1.0,0.8666666666666667,1.0,1.0,1.0,1.0,1.0,1.0,1.0,0.9333333333333333,0.9333333333333333,1.0,1.0,0.8666666666666667,1.0,1.0,1.0,0.9333333333333333,0.8666666666666667,1.0,1.0,0.9333333333333333,1.0,0.9333333333333333,0.9333333333333333,0.8666666666666667,0.9333333333333333,0.9333333333333333,0.9333333333333333,0.9333333333333333
62,1.0,1.0,1.0,1.0,1.0,1.0,1.0,1.0,1.0,1.0,1.0,1.0,1.0,1.0,1.0,1.0,1.0,1.0,1.0,1.0,1.0,1.0,1.0,1.0,1.0,1.0,1.0,1.0,1.0,1.0,1.0,1.0,1.0,1.0,1.0,1.0,1.0,1.0,1.0,1.0,1.0,1.0,1.0,1.0,1.0,1.0,1.0,1.0,1.0,1.0,1.0,1.0,0.9333333333333333,1.0,1.0,1.0,1.0,0.8666666666666667,1.0,1.0,1.0,1.0,1.0,1.0,1.0,0.9333333333333333,0.9333333333333333,1.0,1.0,0.8666666666666667,1.0,1.0,1.0,0.9333333333333333,0.8666666666666667,1.0,1.0,0.9333333333333333,1.0,0.9333333333333333,0.9333333333333333,0.8666666666666667,0.9333333333333333,0.9333333333333333,0.9333333333333333,0.9333333333333333
63,1.0,1.0,1.0,1.0,1.0,1.0,1.0,1.0,1.0,1.0,1.0,1.0,1.0,1.0,1.0,1.0,1.0,1.0,1.0,1.0,1.0,1.0,1.0,1.0,1.0,1.0,1.0,1.0,1.0,1.0,1.0,1.0,1.0,1.0,1.0,1.0,1.0,1.0,1.0,1.0,1.0,1.0,1.0,1.0,1.0,1.0,1.0,1.0,1.0,1.0,1.0,1.0,0.9333333333333333,1.0,1.0,1.0,1.0,0.8666666666666667,1.0,1.0,1.0,1.0,1.0,1.0,1.0,0.9333333333333333,0.9333333333333333,1.0,1.0,0.8666666666666667,1.0,1.0,1.0,0.9333333333333333,0.8666666666666667,1.0,1.0,0.9333333333333333,1.0,0.9333333333333333,0.9333333333333333,0.8666666666666667,0.9333333333333333,0.9333333333333333,0.9333333333333333,0.9333333333333333
64,1.0,1.0,1.0,1.0,1.0,1.0,1.0,1.0,1.0,1.0,1.0,1.0,1.0,1.0,1.0,1.0,1.0,1.0,1.0,1.0,1.0,1.0,1.0,1.0,1.0,1.0,1.0,1.0,1.0,1.0,1.0,1.0,1.0,1.0,1.0,1.0,1.0,1.0,1.0,1.0,1.0,1.0,1.0,1.0,1.0,1.0,1.0,1.0,1.0,1.0,1.0,1.0,0.9333333333333333,1.0,1.0,1.0,1.0,0.8666666666666667,1.0,1.0,1.0,1.0,1.0,1.0,1.0,0.9333333333333333,0.9333333333333333,1.0,1.0,0.8666666666666667,1.0,1.0,1.0,0.9333333333333333,0.8666666666666667,1.0,1.0,0.9333333333333333,1.0,0.9333333333333333,0.9333333333333333,0.8666666666666667,0.9333333333333333,0.9333333333333333,0.9333333333333333,0.9333333333333333
65,0.9333333333333333,0.9333333333333333,0.9333333333333333,0.9333333333333333,0.9333333333333333,0.9333333333333333,0.9333333333333333,0.9333333333333333,0.9333333333333333,0.9333333333333333,0.9333333333333333,0.9333333333333333,0.9333333333333333,0.9333333333333333,0.9333333333333333,0.9333333333333333,0.9333333333333333,0.9333333333333333,0.9333333333333333,0.9333333333333333,0.9333333333333333,0.9333333333333333,0.9333333333333333,0.9333333333333333,0.9333333333333333,0.9333333333333333,0.9333333333333333,0.9333333333333333,0.9333333333333333,0.9333333333333333,0.9333333333333333,0.9333333333333333,0.9333333333333333,0.9333333333333333,0.9333333333333333,0.9333333333333333,0.9333333333333333,0.9333333333333333,0.9333333333333333,0.9333333333333333,0.9333333333333333,0.9333333333333333,0.9333333333333333,0.9333333333333333,0.9333333333333333,0.9333333333333333,0.9333333333333333,0.9333333333333333,0.9333333333333333,0.9333333333333333,0.9333333333333333,0.9333333333333333,1.0,0.9333333333333333,0.9333333333333333,0.9333333333333333,0.9333333333333333,0.9333333333333333,0.9333333333333333,0.9333333333333333,0.9333333333333333,0.9333333333333333,0.9333333333333333,0.9333333333333333,0.9333333333333333,1.0,1.0,0.9333333333333333,0.9333333333333333,0.9333333333333333,0.9333333333333333,0.9333333333333333,0.9333333333333333,0.8666666666666667,0.9333333333333333,0.9333333333333333,0.9333333333333333,0.8666666666666667,0.9333333333333333,1.0,1.0,0.9333333333333333,0.8666666666666667,0.8666666666666667,1.0,0.8666666666666667
66,0.9333333333333333,0.9333333333333333,0.9333333333333333,0.9333333333333333,0.9333333333333333,0.9333333333333333,0.9333333333333333,0.9333333333333333,0.9333333333333333,0.9333333333333333,0.9333333333333333,0.9333333333333333,0.9333333333333333,0.9333333333333333,0.9333333333333333,0.9333333333333333,0.9333333333333333,0.9333333333333333,0.9333333333333333,0.9333333333333333,0.9333333333333333,0.9333333333333333,0.9333333333333333,0.9333333333333333,0.9333333333333333,0.9333333333333333,0.9333333333333333,0.9333333333333333,0.9333333333333333,0.9333333333333333,0.9333333333333333,0.9333333333333333,0.9333333333333333,0.9333333333333333,0.9333333333333333,0.9333333333333333,0.9333333333333333,0.9333333333333333,0.9333333333333333,0.9333333333333333,0.9333333333333333,0.9333333333333333,0.9333333333333333,0.9333333333333333,0.9333333333333333,0.9333333333333333,0.9333333333333333,0.9333333333333333,0.9333333333333333,0.9333333333333333,0.9333333333333333,0.9333333333333333,1.0,0.9333333333333333,0.9333333333333333,0.9333333333333333,0.9333333333333333,0.9333333333333333,0.9333333333333333,0.9333333333333333,0.9333333333333333,0.9333333333333333,0.9333333333333333,0.9333333333333333,0.9333333333333333,1.0,1.0,0.9333333333333333,0.9333333333333333,0.9333333333333333,0.9333333333333333,0.9333333333333333,0.9333333333333333,0.8666666666666667,0.9333333333333333,0.9333333333333333,0.9333333333333333,0.8666666666666667,0.9333333333333333,1.0,1.0,0.9333333333333333,0.8666666666666667,0.8666666666666667,1.0,0.8666666666666667
67,1.0,1.0,1.0,1.0,1.0,1.0,1.0,1.0,1.0,1.0,1.0,1.0,1.0,1.0,1.0,1.0,1.0,1.0,1.0,1.0,1.0,1.0,1.0,1.0,1.0,1.0,1.0,1.0,1.0,1.0,1.0,1.0,1.0,1.0,1.0,1.0,1.0,1.0,1.0,1.0,1.0,1.0,1.0,1.0,1.0,1.0,1.0,1.0,1.0,1.0,1.0,1.0,0.9333333333333333,1.0,1.0,1.0,1.0,0.8666666666666667,1.0,1.0,1.0,1.0,1.0,1.0,1.0,0.9333333333333333,0.9333333333333333,1.0,1.0,0.8666666666666667,1.0,1.0,1.0,0.9333333333333333,0.8666666666666667,1.0,1.0,0.9333333333333333,1.0,0.9333333333333333,0.9333333333333333,0.8666666666666667,0.9333333333333333,0.9333333333333333,0.9333333333333333,0.9333333333333333
68,1.0,1.0,1.0,1.0,1.0,1.0,1.0,1.0,1.0,1.0,1.0,1.0,1.0,1.0,1.0,1.0,1.0,1.0,1.0,1.0,1.0,1.0,1.0,1.0,1.0,1.0,1.0,1.0,1.0,1.0,1.0,1.0,1.0,1.0,1.0,1.0,1.0,1.0,1.0,1.0,1.0,1.0,1.0,1.0,1.0,1.0,1.0,1.0,1.0,1.0,1.0,1.0,0.9333333333333333,1.0,1.0,1.0,1.0,0.8666666666666667,1.0,1.0,1.0,1.0,1.0,1.0,1.0,0.9333333333333333,0.9333333333333333,1.0,1.0,0.8666666666666667,1.0,1.0,1.0,0.9333333333333333,0.8666666666666667,1.0,1.0,0.9333333333333333,1.0,0.9333333333333333,0.9333333333333333,0.8666666666666667,0.9333333333333333,0.9333333333333333,0.9333333333333333,0.9333333333333333
69,0.8666666666666667,0.8666666666666667,0.8666666666666667,0.8666666666666667,0.8666666666666667,0.8666666666666667,0.8666666666666667,0.8666666666666667,0.8666666666666667,0.8666666666666667,0.8666666666666667,0.8666666666666667,0.8666666666666667,0.8666666666666667,0.8666666666666667,0.8666666666666667,0.8666666666666667,0.8666666666666667,0.8666666666666667,0.8666666666666667,0.8666666666666667,0.8666666666666667,0.8666666666666667,0.8666666666666667,0.8666666666666667,0.8666666666666667,0.8666666666666667,0.8666666666666667,0.8666666666666667,0.8666666666666667,0.8666666666666667,0.8666666666666667,0.8666666666666667,0.8666666666666667,0.8666666666666667,0.8666666666666667,0.8666666666666667,0.8666666666666667,0.8666666666666667,0.8666666666666667,0.8666666666666667,0.8666666666666667,0.8666666666666667,0.8666666666666667,0.8666666666666667,0.8666666666666667,0.8666666666666667,0.8666666666666667,0.8666666666666667,0.8666666666666667,0.8666666666666667,0.8666666666666667,0.9333333333333333,0.8666666666666667,0.8666666666666667,0.8666666666666667,0.8666666666666667,1.0,0.8666666666666667,0.8666666666666667,0.8666666666666667,0.8666666666666667,0.8666666666666667,0.8666666666666667,0.8666666666666667,0.9333333333333333,0.9333333333333333,0.8666666666666667,0.8666666666666667,1.0,0.8666666666666667,0.8666666666666667,0.8666666666666667,0.9333333333333333,1.0,0.8666666666666667,0.8666666666666667,0.9333333333333333,0.8666666666666667,0.9333333333333333,1.0,1.0,0.9333333333333333,0.9333333333333333,1.0,0.9333333333333333
70,1.0,1.0,1.0,1.0,1.0,1.0,1.0,1.0,1.0,1.0,1.0,1.0,1.0,1.0,1.0,1.0,1.0,1.0,1.0,1.0,1.0,1.0,1.0,1.0,1.0,1.0,1.0,1.0,1.0,1.0,1.0,1.0,1.0,1.0,1.0,1.0,1.0,1.0,1.0,1.0,1.0,1.0,1.0,1.0,1.0,1.0,1.0,1.0,1.0,1.0,1.0,1.0,0.9333333333333333,1.0,1.0,1.0,1.0,0.8666666666666667,1.0,1.0,1.0,1.0,1.0,1.0,1.0,0.9333333333333333,0.9333333333333333,1.0,1.0,0.8666666666666667,1.0,1.0,1.0,0.9333333333333333,0.8666666666666667,1.0,1.0,0.9333333333333333,1.0,0.9333333333333333,0.9333333333333333,0.8666666666666667,0.9333333333333333,0.9333333333333333,0.9333333333333333,0.9333333333333333
71,1.0,1.0,1.0,1.0,1.0,1.0,1.0,1.0,1.0,1.0,1.0,1.0,1.0,1.0,1.0,1.0,1.0,1.0,1.0,1.0,1.0,1.0,1.0,1.0,1.0,1.0,1.0,1.0,1.0,1.0,1.0,1.0,1.0,1.0,1.0,1.0,1.0,1.0,1.0,1.0,1.0,1.0,1.0,1.0,1.0,1.0,1.0,1.0,1.0,1.0,1.0,1.0,0.9333333333333333,1.0,1.0,1.0,1.0,0.8666666666666667,1.0,1.0,1.0,1.0,1.0,1.0,1.0,0.9333333333333333,0.9333333333333333,1.0,1.0,0.8666666666666667,1.0,1.0,1.0,0.9333333333333333,0.8666666666666667,1.0,1.0,0.9333333333333333,1.0,0.9333333333333333,0.9333333333333333,0.8666666666666667,0.9333333333333333,0.9333333333333333,0.9333333333333333,0.9333333333333333
72,1.0,1.0,1.0,1.0,1.0,1.0,1.0,1.0,1.0,1.0,1.0,1.0,1.0,1.0,1.0,1.0,1.0,1.0,1.0,1.0,1.0,1.0,1.0,1.0,1.0,1.0,1.0,1.0,1.0,1.0,1.0,1.0,1.0,1.0,1.0,1.0,1.0,1.0,1.0,1.0,1.0,1.0,1.0,1.0,1.0,1.0,1.0,1.0,1.0,1.0,1.0,1.0,0.9333333333333333,1.0,1.0,1.0,1.0,0.8666666666666667,1.0,1.0,1.0,1.0,1.0,1.0,1.0,0.9333333333333333,0.9333333333333333,1.0,1.0,0.8666666666666667,1.0,1.0,1.0,0.9333333333333333,0.8666666666666667,1.0,1.0,0.9333333333333333,1.0,0.9333333333333333,0.9333333333333333,0.8666666666666667,0.9333333333333333,0.9333333333333333,0.9333333333333333,0.9333333333333333
73,0.9333333333333333,0.9333333333333333,0.9333333333333333,0.9333333333333333,0.9333333333333333,0.9333333333333333,0.9333333333333333,0.9333333333333333,0.9333333333333333,0.9333333333333333,0.9333333333333333,0.9333333333333333,0.9333333333333333,0.9333333333333333,0.9333333333333333,0.9333333333333333,0.9333333333333333,0.9333333333333333,0.9333333333333333,0.9333333333333333,0.9333333333333333,0.9333333333333333,0.9333333333333333,0.9333333333333333,0.9333333333333333,0.9333333333333333,0.9333333333333333,0.9333333333333333,0.9333333333333333,0.9333333333333333,0.9333333333333333,0.9333333333333333,0.9333333333333333,0.9333333333333333,0.9333333333333333,0.9333333333333333,0.9333333333333333,0.9333333333333333,0.9333333333333333,0.9333333333333333,0.9333333333333333,0.9333333333333333,0.9333333333333333,0.9333333333333333,0.9333333333333333,0.9333333333333333,0.9333333333333333,0.9333333333333333,0.9333333333333333,0.9333333333333333,0.9333333333333333,0.9333333333333333,0.8666666666666667,0.9333333333333333,0.9333333333333333,0.9333333333333333,0.9333333333333333,0.9333333333333333,0.9333333333333333,0.9333333333333333,0.9333333333333333,0.9333333333333333,0.9333333333333333,0.9333333333333333,0.9333333333333333,0.8666666666666667,0.8666666666666667,0.9333333333333333,0.9333333333333333,0.9333333333333333,0.9333333333333333,0.9333333333333333,0.9333333333333333,1.0,0.9333333333333333,0.9333333333333333,0.9333333333333333,1.0,0.9333333333333333,0.8666666666666667,0.9333333333333333,0.9333333333333333,1.0,1.0,0.9333333333333333,1.0
74,0.8666666666666667,0.8666666666666667,0.8666666666666667,0.8666666666666667,0.8666666666666667,0.8666666666666667,0.8666666666666667,0.8666666666666667,0.8666666666666667,0.8666666666666667,0.8666666666666667,0.8666666666666667,0.8666666666666667,0.8666666666666667,0.8666666666666667,0.8666666666666667,0.8666666666666667,0.8666666666666667,0.8666666666666667,0.8666666666666667,0.8666666666666667,0.8666666666666667,0.8666666666666667,0.8666666666666667,0.8666666666666667,0.8666666666666667,0.8666666666666667,0.8666666666666667,0.8666666666666667,0.8666666666666667,0.8666666666666667,0.8666666666666667,0.8666666666666667,0.8666666666666667,0.8666666666666667,0.8666666666666667,0.8666666666666667,0.8666666666666667,0.8666666666666667,0.8666666666666667,0.8666666666666667,0.8666666666666667,0.8666666666666667,0.8666666666666667,0.8666666666666667,0.8666666666666667,0.8666666666666667,0.8666666666666667,0.8666666666666667,0.8666666666666667,0.8666666666666667,0.8666666666666667,0.9333333333333333,0.8666666666666667,0.8666666666666667,0.8666666666666667,0.8666666666666667,1.0,0.8666666666666667,0.8666666666666667,0.8666666666666667,0.8666666666666667,0.8666666666666667,0.8666666666666667,0.8666666666666667,0.9333333333333333,0.9333333333333333,0.8666666666666667,0.8666666666666667,1.0,0.8666666666666667,0.8666666666666667,0.8666666666666667,0.9333333333333333,1.0,0.8666666666666667,0.8666666666666667,0.9333333333333333,0.8666666666666667,0.9333333333333333,1.0,1.0,0.9333333333333333,0.9333333333333333,1.0,0.9333333333333333
75,1.0,1.0,1.0,1.0,1.0,1.0,1.0,1.0,1.0,1.0,1.0,1.0,1.0,1.0,1.0,1.0,1.0,1.0,1.0,1.0,1.0,1.0,1.0,1.0,1.0,1.0,1.0,1.0,1.0,1.0,1.0,1.0,1.0,1.0,1.0,1.0,1.0,1.0,1.0,1.0,1.0,1.0,1.0,1.0,1.0,1.0,1.0,1.0,1.0,1.0,1.0,1.0,0.9333333333333333,1.0,1.0,1.0,1.0,0.8666666666666667,1.0,1.0,1.0,1.0,1.0,1.0,1.0,0.9333333333333333,0.9333333333333333,1.0,1.0,0.8666666666666667,1.0,1.0,1.0,0.9333333333333333,0.8666666666666667,1.0,1.0,0.9333333333333333,1.0,0.9333333333333333,0.9333333333333333,0.8666666666666667,0.9333333333333333,0.9333333333333333,0.9333333333333333,0.9333333333333333
76,1.0,1.0,1.0,1.0,1.0,1.0,1.0,1.0,1.0,1.0,1.0,1.0,1.0,1.0,1.0,1.0,1.0,1.0,1.0,1.0,1.0,1.0,1.0,1.0,1.0,1.0,1.0,1.0,1.0,1.0,1.0,1.0,1.0,1.0,1.0,1.0,1.0,1.0,1.0,1.0,1.0,1.0,1.0,1.0,1.0,1.0,1.0,1.0,1.0,1.0,1.0,1.0,0.9333333333333333,1.0,1.0,1.0,1.0,0.8666666666666667,1.0,1.0,1.0,1.0,1.0,1.0,1.0,0.9333333333333333,0.9333333333333333,1.0,1.0,0.8666666666666667,1.0,1.0,1.0,0.9333333333333333,0.8666666666666667,1.0,1.0,0.9333333333333333,1.0,0.9333333333333333,0.9333333333333333,0.8666666666666667,0.9333333333333333,0.9333333333333333,0.9333333333333333,0.9333333333333333
77,0.9333333333333333,0.9333333333333333,0.9333333333333333,0.9333333333333333,0.9333333333333333,0.9333333333333333,0.9333333333333333,0.9333333333333333,0.9333333333333333,0.9333333333333333,0.9333333333333333,0.9333333333333333,0.9333333333333333,0.9333333333333333,0.9333333333333333,0.9333333333333333,0.9333333333333333,0.9333333333333333,0.9333333333333333,0.9333333333333333,0.9333333333333333,0.9333333333333333,0.9333333333333333,0.9333333333333333,0.9333333333333333,0.9333333333333333,0.9333333333333333,0.9333333333333333,0.9333333333333333,0.9333333333333333,0.9333333333333333,0.9333333333333333,0.9333333333333333,0.9333333333333333,0.9333333333333333,0.9333333333333333,0.9333333333333333,0.9333333333333333,0.9333333333333333,0.9333333333333333,0.9333333333333333,0.9333333333333333,0.9333333333333333,0.9333333333333333,0.9333333333333333,0.9333333333333333,0.9333333333333333,0.9333333333333333,0.9333333333333333,0.9333333333333333,0.9333333333333333,0.9333333333333333,0.8666666666666667,0.9333333333333333,0.9333333333333333,0.9333333333333333,0.9333333333333333,0.9333333333333333,0.9333333333333333,0.9333333333333333,0.9333333333333333,0.9333333333333333,0.9333333333333333,0.9333333333333333,0.9333333333333333,0.8666666666666667,0.8666666666666667,0.9333333333333333,0.9333333333333333,0.9333333333333333,0.9333333333333333,0.9333333333333333,0.9333333333333333,1.0,0.9333333333333333,0.9333333333333333,0.9333333333333333,1.0,0.9333333333333333,0.8666666666666667,0.9333333333333333,0.9333333333333333,1.0,1.0,0.9333333333333333,1.0
78,1.0,1.0,1.0,1.0,1.0,1.0,1.0,1.0,1.0,1.0,1.0,1.0,1.0,1.0,1.0,1.0,1.0,1.0,1.0,1.0,1.0,1.0,1.0,1.0,1.0,1.0,1.0,1.0,1.0,1.0,1.0,1.0,1.0,1.0,1.0,1.0,1.0,1.0,1.0,1.0,1.0,1.0,1.0,1.0,1.0,1.0,1.0,1.0,1.0,1.0,1.0,1.0,0.9333333333333333,1.0,1.0,1.0,1.0,0.8666666666666667,1.0,1.0,1.0,1.0,1.0,1.0,1.0,0.9333333333333333,0.9333333333333333,1.0,1.0,0.8666666666666667,1.0,1.0,1.0,0.9333333333333333,0.8666666666666667,1.0,1.0,0.9333333333333333,1.0,0.9333333333333333,0.9333333333333333,0.8666666666666667,0.9333333333333333,0.9333333333333333,0.9333333333333333,0.9333333333333333
79,0.9333333333333333,0.9333333333333333,0.9333333333333333,0.9333333333333333,0.9333333333333333,0.9333333333333333,0.9333333333333333,0.9333333333333333,0.9333333333333333,0.9333333333333333,0.9333333333333333,0.9333333333333333,0.9333333333333333,0.9333333333333333,0.9333333333333333,0.9333333333333333,0.9333333333333333,0.9333333333333333,0.9333333333333333,0.9333333333333333,0.9333333333333333,0.9333333333333333,0.9333333333333333,0.9333333333333333,0.9333333333333333,0.9333333333333333,0.9333333333333333,0.9333333333333333,0.9333333333333333,0.9333333333333333,0.9333333333333333,0.9333333333333333,0.9333333333333333,0.9333333333333333,0.9333333333333333,0.9333333333333333,0.9333333333333333,0.9333333333333333,0.9333333333333333,0.9333333333333333,0.9333333333333333,0.9333333333333333,0.9333333333333333,0.9333333333333333,0.9333333333333333,0.9333333333333333,0.9333333333333333,0.9333333333333333,0.9333333333333333,0.9333333333333333,0.9333333333333333,0.9333333333333333,1.0,0.9333333333333333,0.9333333333333333,0.9333333333333333,0.9333333333333333,0.9333333333333333,0.9333333333333333,0.9333333333333333,0.9333333333333333,0.9333333333333333,0.9333333333333333,0.9333333333333333,0.9333333333333333,1.0,1.0,0.9333333333333333,0.9333333333333333,0.9333333333333333,0.9333333333333333,0.9333333333333333,0.9333333333333333,0.8666666666666667,0.9333333333333333,0.9333333333333333,0.9333333333333333,0.8666666666666667,0.9333333333333333,1.0,1.0,0.9333333333333333,0.8666666666666667,0.8666666666666667,1.0,0.8666666666666667
80,0.9333333333333333,0.9333333333333333,0.9333333333333333,0.9333333333333333,0.9333333333333333,0.9333333333333333,0.9333333333333333,0.9333333333333333,0.9333333333333333,0.9333333333333333,0.9333333333333333,0.9333333333333333,0.9333333333333333,0.9333333333333333,0.9333333333333333,0.9333333333333333,0.9333333333333333,0.9333333333333333,0.9333333333333333,0.9333333333333333,0.9333333333333333,0.9333333333333333,0.9333333333333333,0.9333333333333333,0.9333333333333333,0.9333333333333333,0.9333333333333333,0.9333333333333333,0.9333333333333333,0.9333333333333333,0.9333333333333333,0.9333333333333333,0.9333333333333333,0.9333333333333333,0.9333333333333333,0.9333333333333333,0.9333333333333333,0.9333333333333333,0.9333333333333333,0.9333333333333333,0.9333333333333333,0.9333333333333333,0.9333333333333333,0.9333333333333333,0.9333333333333333,0.9333333333333333,0.9333333333333333,0.9333333333333333,0.9333333333333333,0.9333333333333333,0.9333333333333333,0.9333333333333333,1.0,0.9333333333333333,0.9333333333333333,0.9333333333333333,0.9333333333333333,1.0,0.9333333333333333,0.9333333333333333,0.9333333333333333,0.9333333333333333,0.9333333333333333,0.9333333333333333,0.9333333333333333,1.0,1.0,0.9333333333333333,0.9333333333333333,1.0,0.9333333333333333,0.9333333333333333,0.9333333333333333,0.9333333333333333,1.0,0.9333333333333333,0.9333333333333333,0.9333333333333333,0.9333333333333333,1.0,1.0,1.0,0.9333333333333333,0.9333333333333333,1.0,0.9333333333333333
81,0.8666666666666667,0.8666666666666667,0.8666666666666667,0.8666666666666667,0.8666666666666667,0.8666666666666667,0.8666666666666667,0.8666666666666667,0.8666666666666667,0.8666666666666667,0.8666666666666667,0.8666666666666667,0.8666666666666667,0.8666666666666667,0.8666666666666667,0.8666666666666667,0.8666666666666667,0.8666666666666667,0.8666666666666667,0.8666666666666667,0.8666666666666667,0.8666666666666667,0.8666666666666667,0.8666666666666667,0.8666666666666667,0.8666666666666667,0.8666666666666667,0.8666666666666667,0.8666666666666667,0.8666666666666667,0.8666666666666667,0.8666666666666667,0.8666666666666667,0.8666666666666667,0.8666666666666667,0.8666666666666667,0.8666666666666667,0.8666666666666667,0.8666666666666667,0.8666666666666667,0.8666666666666667,0.8666666666666667,0.8666666666666667,0.8666666666666667,0.8666666666666667,0.8666666666666667,0.8666666666666667,0.8666666666666667,0.8666666666666667,0.8666666666666667,0.8666666666666667,0.8666666666666667,0.9333333333333333,0.8666666666666667,0.8666666666666667,0.8666666666666667,0.8666666666666667,1.0,0.8666666666666667,0.8666666666666667,0.8666666666666667,0.8666666666666667,0.8666666666666667,0.8666666666666667,0.8666666666666667,0.9333333333333333,0.9333333333333333,0.8666666666666667,0.8666666666666667,1.0,0.8666666666666667,0.8666666666666667,0.8666666666666667,0.9333333333333333,1.0,0.8666666666666667,0.8666666666666667,0.9333333333333333,0.8666666666666667,0.9333333333333333,1.0,1.0,0.9333333333333333,0.9333333333333333,1.0,0.9333333333333333
82,0.9333333333333333,0.9333333333333333,0.9333333333333333,0.9333333333333333,0.9333333333333333,0.9333333333333333,0.9333333333333333,0.9333333333333333,0.9333333333333333,0.9333333333333333,0.9333333333333333,0.9333333333333333,0.9333333333333333,0.9333333333333333,0.9333333333333333,0.9333333333333333,0.9333333333333333,0.9333333333333333,0.9333333333333333,0.9333333333333333,0.9333333333333333,0.9333333333333333,0.9333333333333333,0.9333333333333333,0.9333333333333333,0.9333333333333333,0.9333333333333333,0.9333333333333333,0.9333333333333333,0.9333333333333333,0.9333333333333333,0.9333333333333333,0.9333333333333333,0.9333333333333333,0.9333333333333333,0.9333333333333333,0.9333333333333333,0.9333333333333333,0.9333333333333333,0.9333333333333333,0.9333333333333333,0.9333333333333333,0.9333333333333333,0.9333333333333333,0.9333333333333333,0.9333333333333333,0.9333333333333333,0.9333333333333333,0.9333333333333333,0.9333333333333333,0.9333333333333333,0.9333333333333333,0.8666666666666667,0.9333333333333333,0.9333333333333333,0.9333333333333333,0.9333333333333333,0.9333333333333333,0.9333333333333333,0.9333333333333333,0.9333333333333333,0.9333333333333333,0.9333333333333333,0.9333333333333333,0.9333333333333333,0.8666666666666667,0.8666666666666667,0.9333333333333333,0.9333333333333333,0.9333333333333333,0.9333333333333333,0.9333333333333333,0.9333333333333333,1.0,0.9333333333333333,0.9333333333333333,0.9333333333333333,1.0,0.9333333333333333,0.8666666666666667,0.9333333333333333,0.9333333333333333,1.0,1.0,0.9333333333333333,1.0
83,0.9333333333333333,0.9333333333333333,0.9333333333333333,0.9333333333333333,0.9333333333333333,0.9333333333333333,0.9333333333333333,0.9333333333333333,0.9333333333333333,0.9333333333333333,0.9333333333333333,0.9333333333333333,0.9333333333333333,0.9333333333333333,0.9333333333333333,0.9333333333333333,0.9333333333333333,0.9333333333333333,0.9333333333333333,0.9333333333333333,0.9333333333333333,0.9333333333333333,0.9333333333333333,0.9333333333333333,0.9333333333333333,0.9333333333333333,0.9333333333333333,0.9333333333333333,0.9333333333333333,0.9333333333333333,0.9333333333333333,0.9333333333333333,0.9333333333333333,0.9333333333333333,0.9333333333333333,0.9333333333333333,0.9333333333333333,0.9333333333333333,0.9333333333333333,0.9333333333333333,0.9333333333333333,0.9333333333333333,0.9333333333333333,0.9333333333333333,0.9333333333333333,0.9333333333333333,0.9333333333333333,0.9333333333333333,0.9333333333333333,0.9333333333333333,0.9333333333333333,0.9333333333333333,0.8666666666666667,0.9333333333333333,0.9333333333333333,0.9333333333333333,0.9333333333333333,0.9333333333333333,0.9333333333333333,0.9333333333333333,0.9333333333333333,0.9333333333333333,0.9333333333333333,0.9333333333333333,0.9333333333333333,0.8666666666666667,0.8666666666666667,0.9333333333333333,0.9333333333333333,0.9333333333333333,0.9333333333333333,0.9333333333333333,0.9333333333333333,1.0,0.9333333333333333,0.9333333333333333,0.9333333333333333,1.0,0.9333333333333333,0.8666666666666667,0.9333333333333333,0.9333333333333333,1.0,1.0,0.9333333333333333,1.0
84,0.9333333333333333,0.9333333333333333,0.9333333333333333,0.9333333333333333,0.9333333333333333,0.9333333333333333,0.9333333333333333,0.9333333333333333,0.9333333333333333,0.9333333333333333,0.9333333333333333,0.9333333333333333,0.9333333333333333,0.9333333333333333,0.9333333333333333,0.9333333333333333,0.9333333333333333,0.9333333333333333,0.9333333333333333,0.9333333333333333,0.9333333333333333,0.9333333333333333,0.9333333333333333,0.9333333333333333,0.9333333333333333,0.9333333333333333,0.9333333333333333,0.9333333333333333,0.9333333333333333,0.9333333333333333,0.9333333333333333,0.9333333333333333,0.9333333333333333,0.9333333333333333,0.9333333333333333,0.9333333333333333,0.9333333333333333,0.9333333333333333,0.9333333333333333,0.9333333333333333,0.9333333333333333,0.9333333333333333,0.9333333333333333,0.9333333333333333,0.9333333333333333,0.9333333333333333,0.9333333333333333,0.9333333333333333,0.9333333333333333,0.9333333333333333,0.9333333333333333,0.9333333333333333,1.0,0.9333333333333333,0.9333333333333333,0.9333333333333333,0.9333333333333333,1.0,0.9333333333333333,0.9333333333333333,0.9333333333333333,0.9333333333333333,0.9333333333333333,0.9333333333333333,0.9333333333333333,1.0,1.0,0.9333333333333333,0.9333333333333333,1.0,0.9333333333333333,0.9333333333333333,0.9333333333333333,0.9333333333333333,1.0,0.9333333333333333,0.9333333333333333,0.9333333333333333,0.9333333333333333,1.0,1.0,1.0,0.9333333333333333,0.9333333333333333,1.0,0.9333333333333333
85,0.9333333333333333,0.9333333333333333,0.9333333333333333,0.9333333333333333,0.9333333333333333,0.9333333333333333,0.9333333333333333,0.9333333333333333,0.9333333333333333,0.9333333333333333,0.9333333333333333,0.9333333333333333,0.9333333333333333,0.9333333333333333,0.9333333333333333,0.9333333333333333,0.9333333333333333,0.9333333333333333,0.9333333333333333,0.9333333333333333,0.9333333333333333,0.9333333333333333,0.9333333333333333,0.9333333333333333,0.9333333333333333,0.9333333333333333,0.9333333333333333,0.9333333333333333,0.9333333333333333,0.9333333333333333,0.9333333333333333,0.9333333333333333,0.9333333333333333,0.9333333333333333,0.9333333333333333,0.9333333333333333,0.9333333333333333,0.9333333333333333,0.9333333333333333,0.9333333333333333,0.9333333333333333,0.9333333333333333,0.9333333333333333,0.9333333333333333,0.9333333333333333,0.9333333333333333,0.9333333333333333,0.9333333333333333,0.9333333333333333,0.9333333333333333,0.9333333333333333,0.9333333333333333,0.8666666666666667,0.9333333333333333,0.9333333333333333,0.9333333333333333,0.9333333333333333,0.9333333333333333,0.9333333333333333,0.9333333333333333,0.9333333333333333,0.9333333333333333,0.9333333333333333,0.9333333333333333,0.9333333333333333,0.8666666666666667,0.8666666666666667,0.9333333333333333,0.9333333333333333,0.9333333333333333,0.9333333333333333,0.9333333333333333,0.9333333333333333,1.0,0.9333333333333333,0.9333333333333333,0.9333333333333333,1.0,0.9333333333333333,0.8666666666666667,0.9333333333333333,0.9333333333333333,1.0,1.0,0.9333333333333333,1.0
