qid,gender,race,weight_lifting_ability
2,0.0,0.0,1.0
2,0.0,0.05313481030769025,0.9468651896923098
2,0.05576448647553472,0.0,0.9442355135244653
2,0.0,0.0,1.0
2,0.0,0.0,1.0
2,0.0,0.0,1.0
2,0.0,0.0,1.0
2,0.0,0.0,0.0
2,0.0,0.0,1.0
2,0.0,0.0,1.0
2,0.0,0.0,1.0
2,0.0,0.0,1.0
2,0.0,0.0,1.0
2,0.0,0.0,1.0
2,0.014271091327126884,0.0,0.9857289086728731
2,0.0,0.0,1.0
2,0.0,0.0,1.0
2,0.0,0.0,1.0
2,0.0,0.0,1.0
2,0.9938889657569734,0.0,0.006111034243026656
2,0.0,0.19680722389175742,0.8031927761082426
2,0.0,0.0,1.0
2,0.0,0.0,0.0
2,0.0,0.0,0.0
2,0.0,0.0,1.0
2,0.9999997982151728,0.0,2.0178482715313489e-07
2,0.0,0.0,1.0
2,0.0,0.0,1.0
2,0.12977086662169723,0.0,0.8702291333783029
2,0.0,0.0,1.0
2,0.0,0.0,1.0
2,0.0,0.0,1.0
2,0.0,0.0,1.0
2,0.0,0.0,1.0
2,0.0,0.0,1.0
2,0.0,0.0,1.0
2,0.0,0.0,0.0
2,0.0,0.0,1.0
2,0.0,0.0,1.0
2,0.9345401994178812,0.0,0.06545980058211874
2,0.0,0.0,0.0
2,0.0,0.0,1.0
2,0.0,0.0,1.0
2,0.0,0.20284716735640065,0.7971528326435993
2,0.0,0.0,0.0
2,0.0,0.0,0.0
2,0.0,0.0,1.0
2,0.999943545418299,0.0,5.6454581700953016e-05
2,0.0,0.0,1.0
2,0.0,0.0,1.0
2,0.0,0.0,1.0
2,0.0,0.0,1.0
2,0.0,0.0,0.0
2,0.0,0.0,0.0
2,0.0,0.0,1.0
2,0.0,0.0,1.0
2,0.0,0.12341255505898907,0.8765874449410109
2,0.0,0.0,0.0
2,0.0,0.0,1.0
2,0.0,0.0,0.0
2,0.0,0.0,1.0
2,0.0,0.0,1.0
2,0.0,0.0,1.0
2,0.0,0.0,1.0
2,0.0,0.0,1.0
2,0.0,0.0,1.0
2,0.0,0.0,1.0
2,0.0,0.0,1.0
2,0.0,0.9420926162062333,0.05790738379376666
2,0.0,0.9471057101492899,0.05289428985071006
2,0.0,0.0,0.0
2,0.9982150683409691,0.0,0.0017849316590309709
2,0.0,0.0,1.0
2,0.0,0.18451958947681002,0.81548041052319
2,0.0,0.0,1.0
2,0.0,1.0,0.0
2,0.0,0.0,1.0
2,0.9999999865973698,0.0,1.3402630239927617e-08
2,0.0,0.0,0.0
2,0.0,0.0,1.0
2,0.0,0.0,1.0
2,0.0,0.0,1.0
2,0.0,0.0,1.0
2,0.0,0.0,1.0
2,0.0,0.0,0.0
2,0.0,0.8070009684314146,0.1929990315685855
2,0.9999264298916483,0.0,7.357010835179188e-05
2,0.0,0.9969781840065133,0.0030218159934866993
2,0.0,0.0,1.0
2,0.0,0.0,1.0
2,0.0,0.25285535977990975,0.7471446402200903
2,0.0,0.0,1.0
2,0.0,0.0,1.0
2,0.0,0.0,1.0
2,0.0,0.0,1.0
2,0.0,0.0,1.0
2,0.0,0.0,1.0
2,0.0,0.0,1.0
2,0.0,0.8626255762878198,0.1373744237121802
2,0.0,0.0,0.0
2,0.9981181484397957,0.0,0.0018818515602042074
2,0.0,0.0,1.0
2,0.0,0.0,1.0
2,0.0,0.0,1.0
2,0.0,0.0,0.0
2,0.0,0.0,1.0
2,0.0,0.0,1.0
2,0.0,0.0,1.0
2,0.0,0.0,1.0
2,0.0,0.0,1.0
2,0.0,0.0,0.0
2,0.0,0.9286021363746416,0.0713978636253584
2,0.0,0.0,1.0
2,0.0,0.0,1.0
2,0.0,0.0,1.0
2,0.0,0.0,1.0
2,0.0,0.0,1.0
2,0.0,0.0,0.0
2,0.0,0.0,1.0
2,0.0,0.0,1.0
2,0.0,0.0,1.0
2,0.0,0.0,1.0
2,0.0,0.0,0.0
2,0.0,0.0,0.0
2,0.9526598068068713,0.0,0.04734019319312869
2,0.0,0.0,1.0
2,0.0,0.0,1.0
2,0.0,0.0,1.0
2,0.0,0.0,1.0
2,0.0,0.0,0.0
2,0.0,0.0,0.0
2,0.0,0.0,1.0
2,0.0,0.0,1.0
2,0.0,0.6499532936949539,0.3500467063050461
2,0.0,0.0,0.0
2,0.04211317180370767,0.0,0.9578868281962923
2,0.0,0.0,0.0
2,0.0,0.9387086104649269,0.06129138953507302
2,0.9114457017341545,0.0,0.08855429826584559
2,0.0,0.0,1.0
2,0.0,0.0,1.0
2,0.0,0.0,1.0
2,0.0,0.0,0.0
2,0.0,0.0,1.0
2,0.0,0.0,1.0
2,0.0,0.0,0.0
2,0.0,0.0,1.0
2,0.0,0.0,1.0
2,0.0,0.043083350619114995,0.956916649380885
2,0.0,0.0,1.0
2,0.0,0.0,1.0
2,0.0,0.0,1.0
2,0.0,0.4348860506572293,0.5651139493427708
2,0.0,0.0,1.0
2,0.0,0.0,1.0
2,0.8442728850367974,0.0,0.15572711496320263
2,0.0,0.16242556576233838,0.8375744342376616
2,0.0,0.0,1.0
2,0.0,0.0,1.0
2,0.0,0.0,1.0
2,0.0,0.0,0.0
2,0.0,0.0,0.0
2,0.0,0.0,1.0
2,0.0,0.0,1.0
2,0.0,0.0,1.0
2,0.0,0.0,1.0
2,0.0,0.0,1.0
2,0.7980438970017608,0.0,0.20195610299823913
2,0.3564484945472179,0.0,0.6435515054527821
2,0.0,0.0,1.0
2,0.0,0.0,0.0
2,0.0,0.0,1.0
2,0.0,0.0,0.0
2,0.0,0.0,1.0
2,0.0,0.0,1.0
2,0.0,0.0,1.0
2,0.9999999064842863,0.0,9.351571370098281e-08
2,0.9812730703308614,0.0,0.01872692966913861
2,0.0,0.0024769968333645267,0.9975230031666354
2,0.0,0.0,1.0
2,0.0,0.0,1.0
2,0.0,0.9998123195530959,0.0001876804469041808
2,0.0,0.0,0.0
2,0.0,0.0,1.0
2,0.0,0.0,1.0
2,0.0,0.0,1.0
2,0.0,0.0,1.0
2,0.0,0.0,0.0
2,0.9764330904020275,0.0,0.023566909597972443
2,0.0,0.0,1.0
2,0.0,0.0,1.0
2,0.0,0.0,1.0
2,0.0,0.0,1.0
2,0.0,0.0,1.0
2,0.0,0.0,1.0
2,0.0,0.0,0.0
2,0.0,0.0,0.0
2,0.0,0.0,1.0
2,0.0,0.0,0.0
2,0.0,0.0,1.0
2,0.0,0.934297771066271,0.06570222893372914
2,0.0,0.0,1.0
2,0.0,0.0,1.0
2,0.0,0.12167934442501838,0.8783206555749816
2,0.0,0.0,1.0
2,0.0,0.0,1.0
2,0.0,0.0,1.0
2,0.0,0.0,1.0
2,0.0,0.0,0.0
2,0.0,0.0,0.0
2,0.0,0.0,0.0
2,0.0,0.0,1.0
2,0.0,0.0,1.0
2,0.0,0.454315254658497,0.5456847453415029
2,0.0,0.0,1.0
2,0.0,0.0,1.0
2,0.0,0.9830150846690553,0.016984915330944674
2,0.0,0.0,1.0
2,0.0,0.0,1.0
2,0.0,0.0,1.0
2,0.0,0.0,0.0
2,0.0,0.0,1.0
2,0.0,0.0,1.0
2,0.0,0.0,1.0
2,0.0,0.0,1.0
2,0.0,0.0,0.0
2,0.03172194970573591,0.0,0.9682780502942641
2,0.0,0.0,0.0
2,0.0,0.0,1.0
2,0.0,0.0,1.0
2,0.0,0.0,1.0
2,0.0,0.0,1.0
2,0.0,0.0,1.0
2,0.0,0.0,1.0
2,0.0,0.0,1.0
2,0.0,0.0,1.0
2,0.5598781403851505,0.0,0.4401218596148495
2,0.0,0.0,1.0
2,0.0,0.0,1.0
2,0.0,0.0,1.0
2,0.0,0.0,1.0
2,0.0,0.0,0.0
2,0.0,0.0,1.0
2,0.9988089470911831,0.0,0.0011910529088168626
2,0.0,0.0,0.0
2,0.0,0.0,1.0
2,0.0,0.0,0.0
2,0.0,0.0,0.0
2,0.0,0.0,1.0
2,0.0,0.0,1.0
2,1.0,0.0,0.0
2,0.0,0.0,1.0
2,0.0,0.0,1.0
2,0.0,0.0,1.0
2,0.0,0.0,1.0
2,0.0,0.0,0.0
2,0.0,0.9141375176935133,0.08586248230648677
2,0.0,0.0,1.0
2,0.0,0.0,1.0
2,0.0,0.0,1.0
2,0.0,0.0,1.0
2,0.0,0.0,1.0
2,0.0,0.0,1.0
2,0.0,0.0,1.0
2,0.4904780777143087,0.0,0.5095219222856914
2,0.0,0.0,1.0
2,0.0,0.0,1.0
2,0.0,0.0,1.0
2,0.8057862441406808,0.0,0.19421375585931921
2,0.5805513900812106,0.0,0.41944860991878946
2,0.0,0.0,0.0
2,0.0,0.0,0.0
2,0.0047060806698857715,0.0,0.9952939193301142
2,0.0,0.0,1.0
2,0.0,0.0,1.0
2,0.9999998514459557,0.0,1.4855404439418967e-07
2,0.0,0.0,1.0
2,0.0,0.0,1.0
2,0.0,0.0,1.0
2,0.0,0.0,0.0
2,0.0,0.0,1.0
2,0.0,0.0,1.0
2,0.0,0.0,1.0
2,0.0,0.0,0.0
2,0.0,0.0,1.0
2,0.0,0.0,1.0
2,0.9999999951428837,0.0,4.857116296107982e-09
2,0.0,0.0,0.0
2,0.0,0.00149333754464122,0.9985066624553588
2,0.10504315846489562,0.0,0.8949568415351044
2,0.0,0.0,1.0
2,0.0,0.0,1.0
2,0.0,0.0,1.0
2,0.9999999874817966,0.0,1.2518203355559383e-08
2,0.0,0.0,1.0
2,0.0,0.0,1.0
2,0.8197393164536676,0.18026066699732718,1.6549005277024898e-08
2,0.0,0.0,0.0
2,0.9999999901869926,0.0,9.813007341416396e-09
2,0.0,0.9999999999639958,3.600413570232147e-11
2,0.0,0.0,1.0
2,0.0,0.9999998683883558,1.3161164419060828e-07
2,0.0,0.0,1.0
2,0.0,0.0,0.0
2,0.0,0.0,1.0
2,0.0,0.0,0.0
2,0.0,0.0,1.0
2,0.008971446006428454,0.0,0.9910285539935715
2,0.0,0.0,0.0
2,0.0,0.0,1.0
2,0.0,0.0,1.0
2,0.0,0.0,1.0
2,0.0,0.0,1.0
2,0.17399192105864666,0.0,0.8260080789413534
2,0.0016519374583651937,0.0,0.9983480625416348
2,0.0,0.0,0.0
2,0.0,0.0,1.0
2,0.0,0.0,1.0
2,0.0,0.0,1.0
2,0.24256243883838194,0.0,0.7574375611616181
2,0.0,0.0,1.0
2,0.0,0.0,0.0
2,0.0,0.8853715891318553,0.11462841086814467
2,0.0,0.0,1.0
2,0.9889631561929939,0.0,0.01103684380700606
2,0.0,0.0,1.0
2,0.0,0.7626766558042133,0.23732334419578668
2,0.0,0.0,1.0
2,0.0,0.0,1.0
2,0.0,0.0,0.0
2,0.0,0.0,0.0
2,0.0,0.0,0.0
2,0.0,0.9959754983653093,0.0040245016346908465
2,0.0,0.0,1.0
2,0.2478777452316345,0.0,0.7521222547683654
2,0.0,0.0,0.0
2,0.0,0.09276975092972085,0.9072302490702792
2,0.0,0.0,1.0
2,0.0,0.0,1.0
2,0.0,0.8533178201692825,0.14668217983071755
2,0.0,0.9659290481083094,0.0340709518916906
2,1.0,0.0,0.0
2,0.0,0.0,1.0
2,0.0,0.9635469204329339,0.03645307956706619
2,0.0,0.0,1.0
2,0.0,0.0,1.0
2,0.0,0.0,0.0
2,0.0,0.0,0.0
2,0.0,0.0,1.0
2,0.0,0.0,1.0
2,0.0,0.0,0.0
2,0.0,0.0,1.0
2,0.0,0.0,1.0
2,0.0,0.0,1.0
2,0.0,0.08634750494597161,0.9136524950540283
2,0.0,0.9292339522506927,0.07076604774930728
2,0.0,0.0,0.0
2,0.0,0.0,1.0
2,0.0,0.9999999932592902,6.740709826705743e-09
2,0.0,0.0,1.0
2,0.0,0.0,1.0
2,0.0,0.0,0.0
2,0.09577788251789211,0.0,0.9042221174821079
2,0.0,0.0,0.0
2,0.0,0.0,1.0
2,0.0,0.0,1.0
2,0.0,0.0,1.0
2,0.8183196031806388,0.0,0.18168039681936118
2,0.0,0.15367368168078496,0.846326318319215
2,0.0,0.0,1.0
2,0.0,0.0,1.0
2,0.0,0.0,1.0
2,0.0,0.0,1.0
2,0.0,0.0,0.0
2,1.0,0.0,0.0
2,0.0,0.0,0.0
2,0.0,0.0,1.0
2,0.0,0.0,1.0
2,0.0,0.0,1.0
2,0.0,0.0,1.0
2,0.0,0.0,1.0
2,0.0,0.0,0.0
2,0.0,0.0,1.0
2,0.0,0.0,1.0
2,0.0,0.0,1.0
2,0.0,0.0,0.0
2,0.0,0.0,1.0
2,0.0,0.0,1.0
2,0.0,0.0,1.0
2,0.0,0.0,1.0
2,0.0,0.0,0.0
2,0.0,0.0,1.0
2,0.0,0.0,1.0
2,0.0,0.0,1.0
2,1.0,0.0,0.0
2,0.0,0.0,1.0
2,0.0,0.0,1.0
2,0.0,0.0,1.0
2,0.0,0.0,0.0
2,0.0,0.0,1.0
2,0.0,0.0,1.0
2,0.0,0.0,1.0
2,0.0,0.0,1.0
2,0.0,0.0,1.0
2,0.0,0.6343201536540709,0.3656798463459292
2,0.0,0.0,0.0
2,0.9252097848485669,0.016071599191512447,0.05871861595992073
2,0.0,0.0,0.0
2,0.0,0.0,1.0
2,0.9895846312466771,0.002175915393604153,0.008239453359718712
2,0.0,0.0,1.0
2,0.9817866579935659,0.0,0.018213342006434107
2,0.0,0.0,1.0
2,0.0,0.0,0.0
2,0.0,0.0,1.0
2,0.0,0.015116842276265282,0.9848831577237348
2,0.0,0.0,0.0
2,0.0,0.0,1.0
2,0.0,0.0,0.0
2,0.0,0.0,1.0
2,0.0,0.0,1.0
2,0.0,0.0,1.0
2,0.0,0.0032316571252129604,0.996768342874787
2,0.0,0.0,1.0
2,0.0,0.0,1.0
2,0.0,0.0,1.0
2,0.0,0.0,0.0
2,0.0,0.0,1.0
2,0.0,0.26056641899568345,0.7394335810043166
2,0.0,0.6245662747317888,0.3754337252682112
2,0.0,0.0,1.0
2,0.0,0.661828525819265,0.3381714741807351
2,0.9969004535268816,0.0,0.0030995464731184445
2,0.0,0.0,1.0
2,0.0,0.0,1.0
2,0.0,0.0,1.0
2,0.006089244445906873,0.0,0.9939107555540931
2,0.0,0.0,1.0
2,0.0,0.0,1.0
2,0.0,0.0,1.0
2,0.13597645533530742,0.0,0.8640235446646926
2,0.0,0.0,0.0
2,0.0,0.48787021479481796,0.5121297852051819
2,0.0,0.9999998973616906,1.0263830937947798e-07
2,0.0,0.0,1.0
2,0.0,0.014684452596814482,0.9853155474031855
2,0.005304245356303824,0.0,0.9946957546436962
2,0.0,0.0,1.0
2,0.0,0.0,0.0
2,0.0,0.9996486442518778,0.00035135574812215757
2,0.0,0.0,0.0
2,0.0,0.0,1.0
2,0.0,0.0,0.0
2,0.0,0.0,1.0
2,0.0,0.0,0.0
2,0.0,0.0,0.0
2,0.0,0.0,1.0
2,0.0,0.0,0.0
2,0.0,0.0,0.0
2,0.0,0.0,1.0
2,0.0,0.0,1.0
2,0.0,0.0,1.0
2,0.0,0.0,1.0
2,0.015468494757952714,0.0,0.9845315052420472
2,0.0,0.0,1.0
2,0.0,0.0,1.0
2,0.978306215937898,0.02169371079594977,7.326615215897994e-08
2,0.0,0.0,0.0
2,0.0,0.5653018800058746,0.4346981199941254
2,0.0,0.0,1.0
2,0.0,0.0,1.0
2,0.0,0.0,1.0
2,0.1365728958356476,0.0,0.8634271041643523
2,0.0,0.0,1.0
2,0.0,0.0,1.0
2,0.0,0.999999999882387,1.176130926189966e-10
2,0.0,0.17935524742015221,0.8206447525798477
2,0.0,0.0,1.0
2,0.0,0.0,0.0
2,0.0,0.0,0.0
2,0.9383446454426466,0.0,0.06165535455735342
2,0.0,0.0,1.0
2,0.0,0.0,0.0
2,0.0,0.3462806443433672,0.6537193556566329
2,0.0,0.0,0.0
2,0.0,0.0,1.0
2,0.0,0.0,0.0
2,0.9999999857057118,0.0,1.4294288134941262e-08
2,0.0,0.0,1.0
2,0.0,0.0,0.0
2,0.0,0.0,1.0
2,0.9999997497006451,0.0,2.5029935482572234e-07
2,0.9999999870458128,0.0,1.2954187142219788e-08
2,0.0,0.0,1.0
2,0.0,0.05830844562299961,0.9416915543770005
2,0.0,0.40458118428482703,0.595418815715173
2,0.0,0.0,1.0
2,0.0,0.0,1.0
2,0.0,0.0,1.0
2,0.0,0.6445970359482974,0.35540296405170263
2,0.0,0.0,1.0
2,0.0,0.0,1.0
2,0.0,0.0,1.0
2,0.3838139039766706,0.01241399030848343,0.6037721057148461
2,0.0,0.0,1.0
2,0.13205512048763843,0.0,0.8679448795123617
2,0.0,0.0,0.0
2,0.0,0.9999999825183817,1.7481618299134382e-08
2,0.0,0.0,1.0
2,0.4147479395863262,0.0,0.5852520604136738
2,0.0,0.0,0.0
2,0.0,0.0,0.0
2,0.0,0.0,1.0
2,0.8944329705738736,0.0,0.10556702942612639
2,0.0,0.0,1.0
2,0.0,0.0,1.0
2,0.0,0.0,1.0
2,0.0,0.0,0.0
2,0.0,0.0,1.0
2,0.0,0.0,1.0
2,0.0,0.0,1.0
2,0.0,0.0,1.0
2,0.0,0.0,0.0
2,0.0,0.0,1.0
2,0.0,0.0,1.0
2,0.7331087516240475,0.0,0.2668912483759525
2,0.0,0.0,0.0
2,0.0,0.0,0.0
2,0.0,0.0,1.0
2,0.0,0.0,1.0
2,0.0,0.0,1.0
2,0.0,0.0,0.0
2,0.0,0.0,1.0
2,0.0,0.0,1.0
2,0.0,0.0,0.0
2,0.0,0.0,0.0
2,0.0,0.0,1.0
2,0.0,0.0,1.0
2,0.0,0.002960912243958784,0.9970390877560412
2,0.6003612882843788,0.0,0.3996387117156211
2,0.0,0.0,1.0
2,0.0,0.0,1.0
2,0.0,0.0,1.0
2,0.0,0.0,1.0
2,0.0,0.0,1.0
2,0.0,0.5910117457160389,0.40898825428396113
2,0.0,0.0,1.0
2,0.8205367387883413,0.0,0.17946326121165868
2,0.0,0.0,0.0
2,0.0,0.0,1.0
2,1.0,0.0,0.0
2,0.0,0.0,1.0
2,0.0,0.0,1.0
2,0.0,0.0,1.0
2,0.8750766051089873,0.0,0.12492339489101262
2,0.0,0.0,1.0
2,0.0,0.0,0.0
2,0.0,0.0,1.0
2,0.0,0.0,0.0
2,0.9990629342577408,0.0,0.0009370657422592041
2,0.0,0.0,1.0
2,0.0,0.0,1.0
2,0.0,0.0,1.0
2,0.0,0.0,1.0
2,0.0,0.0,1.0
2,0.0,0.0,1.0
2,0.0,0.0,0.0
2,0.0,0.007650258513778503,0.9923497414862215
2,0.0,0.0,1.0
2,0.0,0.0,0.0
2,0.0,0.0,1.0
2,0.0,0.0,0.0
2,0.0,0.0,0.0
2,0.0,0.0,1.0
2,0.0,0.0,0.0
2,0.0,0.0,0.0
2,0.0,0.0,1.0
2,0.9966355375914069,0.0,0.0033644624085931874
2,0.0,0.0,0.0
2,0.0,0.0,1.0
2,0.0,0.17286361240946904,0.827136387590531
2,0.0,0.0,1.0
2,0.0,0.0,0.0
2,0.0,0.0,0.0
2,0.0,0.0,1.0
2,0.0,0.0,0.0
2,0.0,0.8057910998353957,0.19420890016460424
2,0.0,0.0,1.0
2,0.0,0.0,0.0
2,0.057552977704496994,0.0,0.942447022295503
2,0.0,0.0,1.0
2,0.0,0.0,0.0
2,0.0,0.0,1.0
2,0.0,0.0,1.0
2,0.0,0.0,1.0
2,0.0,0.0,0.0
2,0.10874105255778721,0.0,0.8912589474422128
2,0.0,0.1887188997555925,0.8112811002444075
2,0.0,0.0,0.0
2,0.0,0.0,0.0
2,0.0,0.0,1.0
2,0.0,0.0,1.0
2,0.9982816597877868,0.0,0.0017183402122131438
2,0.0,0.0,1.0
2,0.0,0.0,1.0
2,0.0,0.0,1.0
2,0.0,0.0,0.0
2,0.0,0.0,1.0
2,0.0,0.9999998686739426,1.3132605737521158e-07
2,0.0,0.0,1.0
2,0.0,0.0,1.0
2,0.0,0.9999998853771356,1.1462286450487031e-07
2,0.0,0.0,0.0
2,0.0,0.0,1.0
2,0.0,0.0,1.0
2,0.0,0.22412077029906063,0.7758792297009394
2,0.0,0.0,0.0
2,0.0,0.17673442558844357,0.8232655744115565
2,0.0,0.0,1.0
2,0.0,0.0,0.0
2,0.0,0.0,0.0
2,0.8367278497914163,0.0,0.16327215020858352
2,0.8907876802143386,0.10763316462394029,0.0015791551617211686
2,0.0,0.0,1.0
2,0.0,0.0,1.0
2,0.0,0.0,1.0
2,0.0,0.0,1.0
2,0.0,0.0,1.0
2,0.0,0.0,1.0
2,0.999999958910332,0.0,4.108966808431774e-08
2,0.0,0.0,1.0
2,0.0,0.0,1.0
2,0.0,0.0,1.0
2,0.0,0.0,0.0
2,0.0,0.0,1.0
2,0.0,0.0,1.0
2,0.0,0.0,1.0
2,0.0,0.0,0.0
2,0.0,0.0,1.0
2,0.0,0.0,1.0
2,0.0,0.0,1.0
2,0.0,0.0,0.0
2,0.0,0.0,1.0
2,0.0,0.9999998018998161,1.981001838892147e-07
2,0.0,0.0,1.0
2,0.0,0.0,1.0
2,0.0,0.8310978332983315,0.16890216670166835
2,0.0,0.0,1.0
2,0.0,0.0,1.0
2,0.0,0.0,1.0
2,0.0,0.0,0.0
2,0.0,0.0,1.0
2,0.0,0.0,0.0
2,0.0,0.0,1.0
2,0.0,0.0,1.0
2,0.0,0.014379262356678598,0.9856207376433215
2,0.0,0.5421313357825385,0.4578686642174616
2,0.0,0.0,0.0
2,0.0,0.0,0.0
2,0.0,0.0,1.0
2,1.0,0.0,0.0
2,0.0,0.8933381498335201,0.10666185016647997
2,0.0,0.0,0.0
2,0.0,0.18280520254612423,0.8171947974538758
2,0.0,0.0,1.0
2,0.0,0.9999321576021191,6.784239788086788e-05
2,0.0,0.0,1.0
2,0.0,0.0,1.0
2,0.0,0.0,1.0
2,0.0,0.0,1.0
2,0.0,0.0,1.0
2,0.0,0.0,1.0
2,0.0,0.0,1.0
2,0.0,0.0012253398881724113,0.9987746601118276
2,0.0,0.0,1.0
2,0.9945554749241349,0.0,0.0054445250758651705
2,0.0,0.0,1.0
2,0.0,0.0,1.0
2,0.0,0.0,1.0
2,0.0,0.0,1.0
2,0.0,0.0,1.0
2,0.39672255036588844,0.0,0.6032774496341117
2,0.0,0.0,1.0
2,0.0,0.0,1.0
2,0.0,0.0,1.0
2,0.0,0.0,1.0
2,0.0,0.0,1.0
2,0.0,0.0,0.0
2,0.0,0.0,1.0
2,0.0,0.0,0.0
2,0.0,0.9850539296534765,0.014946070346523467
2,0.0,0.0,0.0
2,0.0,0.0,1.0
2,0.9963449665851125,0.0,0.0036550334148874875
2,0.05745315361256387,0.0,0.9425468463874361
2,0.0,0.0,1.0
2,0.0,0.0,1.0
2,0.0,0.0,1.0
2,0.0,0.9999999974231145,2.57688544597789e-09
2,0.0,0.0,1.0
2,0.0,0.011043461409821983,0.9889565385901781
2,0.0,0.0,1.0
2,0.0,0.0,1.0
2,0.0,0.0,1.0
2,0.0,0.0,1.0
2,0.0,0.0,0.0
2,0.0,0.0019975991413289126,0.9980024008586711
2,0.0,0.005099749494187272,0.9949002505058127
2,0.0,0.0,1.0
2,0.0,0.0,0.0
2,0.9999999978206824,0.0,2.1793175902476815e-09
2,0.0,0.0,1.0
2,0.0,0.0,1.0
2,0.0,0.0,0.0
2,0.0,0.0,0.0
2,0.91077473701527,0.08922526298472998,0.0
2,0.0,0.17854132926536112,0.8214586707346389
2,0.0,0.9998857628824167,0.00011423711758334257
2,0.0,0.0,1.0
2,0.0,0.0,0.0
2,0.0,0.0,1.0
2,0.0,0.0,1.0
2,0.0,0.0,1.0
2,0.0,0.0,1.0
2,0.0,0.0,1.0
2,0.0,0.0,1.0
2,0.0,0.0,1.0
2,0.0,0.0,1.0
2,0.0,0.9961269668247561,0.003873033175243909
2,0.0,0.0,1.0
2,0.0,0.0,1.0
2,0.0,0.0,1.0
2,0.0,0.8227617714339555,0.17723822856604457
2,0.0,0.0,1.0
2,0.0,0.0,1.0
2,0.0,0.0,1.0
2,0.8279879182226269,0.0,0.17201208177737307
2,0.0,0.0,1.0
2,0.0,0.0,0.0
2,0.0,0.0,1.0
2,0.0,0.0,1.0
2,0.0,0.0,0.0
2,0.0,0.0,1.0
2,0.9257190499741615,0.0,0.0742809500258385
2,0.5451525050294552,0.0,0.45484749497054466
2,0.0,0.9999999994631477,5.36852299274566e-10
2,0.0,0.0,1.0
2,0.0,0.0,1.0
2,0.0,0.0,1.0
2,0.0,0.0,1.0
2,0.0,0.0,0.0
2,0.0,0.0,1.0
2,0.9995991692293811,0.0,0.0004008307706190129
2,0.0,0.0,1.0
2,0.0,0.0,1.0
2,0.0,0.0,1.0
2,0.998438463087468,0.0,0.001561536912532059
2,0.0,0.0,1.0
2,0.0,0.0,1.0
2,0.0,0.0,0.0
2,0.0,0.0,0.0
2,0.0,0.0,1.0
2,0.0,0.0,1.0
2,0.0,0.045632042347452495,0.9543679576525476
2,0.0,0.0,1.0
2,0.0,0.0,1.0
2,0.0,0.0,1.0
2,0.0,0.0,0.0
2,0.0,0.0,1.0
2,0.0,0.0,1.0
2,0.0042067645178428745,0.0,0.9957932354821571
2,0.0,0.0,1.0
2,0.0,0.0,1.0
2,0.0,0.0,1.0
2,0.0,0.0,1.0
2,0.0,0.0,0.0
2,0.0,0.0,0.0
2,0.0,0.0,1.0
2,0.0,0.6672093274602642,0.3327906725397359
2,0.0,0.6645360872508049,0.33546391274919507
2,0.0,0.0,1.0
2,0.0,0.0,1.0
2,0.0,0.0,1.0
2,0.0,0.0,1.0
2,0.0,0.0,0.0
2,0.0,0.0,1.0
2,0.0,0.0,1.0
2,0.0,0.0,0.0
2,0.0,0.0,1.0
2,0.0,0.0,0.0
2,0.0,0.0,1.0
2,0.0,0.0,1.0
2,0.8956619548490732,0.0,0.10433804515092684
2,0.0,0.0,1.0
2,0.0,0.0,1.0
2,0.0,0.0,0.0
2,0.0,0.0,1.0
2,0.0,0.0,1.0
2,0.0,0.0,1.0
2,0.0,0.0,1.0
2,0.0,0.05512133308645648,0.9448786669135436
2,0.0,0.0,1.0
2,0.0,0.0,1.0
2,0.9368030922900373,0.0,0.06319690770996268
2,0.0,0.0,0.0
2,0.0,0.0,1.0
2,0.0,0.0,1.0
2,0.0,0.0,1.0
2,0.0,0.0,0.0
2,0.0,0.9999999756367851,2.436321496785322e-08
2,0.0,0.0,1.0
2,0.0,0.6141293609838626,0.38587063901613744
2,0.0,1.0,0.0
2,0.0,0.9873007690752515,0.012699230924748412
2,0.0,0.0,1.0
2,0.0,0.9143760698485288,0.08562393015147124
2,0.0,0.0,1.0
2,0.0,0.11807974671556938,0.8819202532844307
2,0.0,0.05182418615763892,0.9481758138423609
2,0.0,0.0,0.0
2,0.0,0.0,0.0
2,0.0,0.0,1.0
2,0.0,0.0,1.0
2,0.0,0.0,1.0
2,0.0,0.0,0.0
2,0.0,0.0,1.0
2,0.0,0.0,0.0
2,0.0,0.0,0.0
2,0.0,0.0,1.0
2,0.034414290950037695,0.0,0.9655857090499623
2,0.0,0.0,1.0
2,0.0,0.09454096179292612,0.9054590382070739
2,0.0,0.0,1.0
2,0.0,0.0,1.0
2,0.0,0.0,1.0
2,0.0,0.9999999453961622,5.4603837765779586e-08
2,0.0,0.0,1.0
2,0.0,0.9646397021897518,0.035360297810248235
2,0.0,0.0,1.0
2,0.0,0.0,1.0
2,0.0,0.0,0.0
2,0.0,0.0,1.0
2,0.0,0.0,0.0
2,0.0,0.0,1.0
2,0.0,0.0,1.0
2,0.0,0.0,1.0
2,0.0,0.0,1.0
2,0.0,0.0,1.0
2,0.0,0.9999999520064687,4.7993531242012214e-08
2,0.0,0.8936418630094987,0.10635813699050133
2,0.0,0.0,1.0
2,0.0,0.0,0.0
2,0.0,0.8252299598512305,0.17477004014876943
2,0.0,0.9999999999822966,1.7703391163179477e-11
2,0.0,0.0,0.0
2,0.0,0.0,1.0
2,0.0,0.0,1.0
2,0.0,0.1477805402049259,0.8522194597950741
2,0.0,0.0,1.0
2,0.0,0.0,1.0
2,0.0,0.5727481449223455,0.42725185507765445
2,0.0,0.0,1.0
2,0.0,0.0,0.0
2,0.0,0.0,0.0
2,0.0,0.0,1.0
2,0.0,0.0,1.0
2,0.0,0.0,1.0
2,0.5489060378513109,0.0,0.45109396214868913
2,0.0,0.0,1.0
2,0.0,0.0,1.0
2,0.0,0.0,1.0
2,0.0,0.0017882849623063345,0.9982117150376937
2,0.0,0.0,0.0
2,0.0,0.0,1.0
2,0.0,0.0,1.0
2,0.0,0.0,1.0
2,0.0,0.0,0.0
2,0.0,0.0,0.0
2,0.0,0.0,0.0
2,0.0,0.0,1.0
2,0.0,0.9999999053223101,9.467768982046158e-08
2,0.0,0.0,1.0
2,0.0,0.0,1.0
2,0.0,0.0,1.0
2,0.0,0.0,1.0
2,0.0,0.0,0.0
2,0.0,0.0,0.0
2,0.0,0.0,1.0
2,0.0,0.6599939176916285,0.34000608230837154
2,0.0,0.0,1.0
2,0.0,0.0,1.0
2,0.0,0.0,1.0
2,0.0,0.0,0.0
2,0.0,0.0,1.0
2,0.0,0.0,1.0
2,0.0,0.0,1.0
2,0.0,0.0,0.0
2,0.0,0.0,1.0
2,0.9959712065316205,0.004028793468379545,0.0
2,0.0,0.0,1.0
2,0.0,0.0,1.0
2,0.02052320623027285,0.0,0.9794767937697272
2,0.0,0.0,0.0
2,0.0,0.0,1.0
2,0.0,0.0,1.0
2,0.48775002273323514,0.0,0.5122499772667648
2,0.0,0.30025775227576285,0.6997422477242371
2,0.0,0.0,1.0
2,0.0,0.17743691260480646,0.8225630873951936
2,0.0,0.0,1.0
2,0.0,0.0,0.0
2,0.0,0.0,1.0
2,0.0,0.0,1.0
2,0.0,0.0,1.0
2,0.0,0.0,1.0
2,0.0,0.0,0.0
2,0.0,0.0,1.0
2,0.0,0.0,1.0
2,0.0,0.0,1.0
2,1.0,0.0,0.0
2,0.0,0.0,1.0
2,0.0,0.0,1.0
2,0.9999999875275629,0.0,1.2472437002634611e-08
2,0.0,0.0,1.0
2,0.0,0.9999999176653787,8.23346214272289e-08
2,0.0,0.0,1.0
2,0.0,0.0,1.0
2,0.0,0.0,0.0
2,0.0,0.0,0.0
2,0.0,0.0,1.0
2,0.0,0.0,0.0
2,0.0,0.3976916117356543,0.6023083882643457
2,0.0,0.0,1.0
2,0.0,0.0,1.0
2,0.036435022764140575,0.0,0.9635649772358594
2,0.0,0.0,1.0
2,0.0,0.0,1.0
2,0.0,0.0,1.0
2,0.0,0.0,1.0
2,0.0,0.0,1.0
2,0.0,0.0,1.0
2,0.0,0.0,0.0
2,0.0,0.0,1.0
2,0.0,0.0,1.0
2,0.0,0.0,1.0
2,0.0,0.9981613271941279,0.001838672805872083
2,0.0,0.0,1.0
2,0.0,0.9525386831522434,0.047461316847756604
2,0.20696480156162364,0.0,0.7930351984383763
2,0.0,0.0,0.0
2,0.0,0.0,1.0
2,0.0,0.0,1.0
2,0.0,0.0,0.0
2,0.0,0.0,1.0
2,0.0,0.0,1.0
2,0.0,0.0,0.0
2,0.0,0.0,1.0
2,0.0,0.18483519386127473,0.8151648061387252
2,0.0,0.0,1.0
2,0.0,0.0,1.0
2,0.9336077377919115,0.0,0.06639226220808846
2,0.0,0.0,1.0
2,0.0,0.0,0.0
2,0.0,0.0,1.0
2,0.0,0.0,0.0
2,0.0,0.0,1.0
2,0.0,0.0,1.0
2,0.9914947517915172,0.0,0.008505248208482662
2,0.0,0.0,0.0
2,0.0,0.0,0.0
2,0.0,0.0,1.0
2,0.0,0.0,0.0
2,0.0,0.0,1.0
2,0.0,0.0,1.0
2,0.0,0.0,0.0
2,0.0,0.0,1.0
2,0.0,0.0,1.0
2,0.0,0.0,1.0
2,0.0,0.0,0.0
2,0.0,0.0,1.0
2,0.0,0.0,1.0
2,0.0,0.0,1.0
2,0.0,0.0,1.0
2,0.0,0.0,1.0
2,0.0,0.0,0.0
2,0.0,0.03476797826884658,0.9652320217311534
2,0.0,0.0,0.0
2,0.0,0.0,1.0
2,0.9999999546804574,0.0,4.531954260812427e-08
2,0.0,0.0,1.0
2,0.0,0.0,0.0
2,0.0,0.0,1.0
2,0.0,0.0,1.0
2,0.0,0.0,1.0
2,0.0,0.0,1.0
2,0.0,0.0,1.0
2,0.0,0.0,1.0
2,0.0,0.0,0.0
2,0.0,0.0,1.0
2,0.0,0.0,0.0
2,0.0,0.0,1.0
2,0.0,0.0,1.0
2,0.0,0.0,0.0
2,0.0,0.0,1.0
2,0.0,0.0,1.0
2,0.0,0.0,1.0
2,0.0,0.0,1.0
2,0.0,0.0,0.0
2,0.0,1.0,0.0
2,0.0,0.0,1.0
2,0.0,0.0,1.0
2,0.9920950855032881,0.0,0.00790491449671182
2,0.0,0.0,1.0
2,0.0,0.0,1.0
2,0.0,0.0,1.0
2,0.0,0.0,1.0
2,0.0,0.0,1.0
2,0.0,0.0,1.0
2,0.9872993013349579,0.001991868833217638,0.010708829831824442
2,0.0,0.0,1.0
2,0.0,0.12548873381592898,0.874511266184071
2,0.37934435557701446,0.0,0.6206556444229855
2,0.020326878677568116,0.0,0.9796731213224319
2,0.9912715018890664,0.0,0.008728498110933607
2,0.0,0.0,1.0
2,0.0,0.0,0.0
2,0.0,0.0,1.0
2,0.0,0.0,1.0
2,0.0,0.0,1.0
2,0.0,0.0,1.0
2,0.0,0.0,1.0
2,0.0,0.0,1.0
2,0.0,0.0,1.0
2,0.0,0.0,1.0
2,0.0,0.0,1.0
2,0.0,0.0,1.0
2,0.044038984860033145,0.0,0.9559610151399669
2,0.0,0.9999998309376502,1.6906234979833208e-07
2,0.0,0.0,1.0
2,0.0,0.0,0.0
2,0.0,0.0,0.0
2,0.0,0.0,0.0
2,0.0,0.0,1.0
2,0.0,0.0,1.0
2,0.0,0.0,1.0
2,0.0,0.0,1.0
2,0.0,0.0,1.0
2,0.0,0.0,1.0
2,0.0,0.0,1.0
2,0.0,0.0,0.0
2,0.0,0.0,0.0
2,0.0,0.0,1.0
2,0.0,0.0,0.0
2,0.0,0.0,1.0
2,0.0,0.0,0.0
2,0.0,0.0,1.0
2,0.0,0.0,1.0
2,0.0,0.0,1.0
2,0.0,0.0,1.0
2,0.0,0.0,0.0
2,0.0,0.0,1.0
2,0.0,0.0,1.0
2,0.0,0.0,1.0
2,0.0,0.0,1.0
2,0.0,0.0,1.0
2,0.0,0.0,1.0
2,0.0,0.0,1.0
2,0.0,0.0,1.0
2,0.11152933890080423,0.0,0.8884706610991958
2,0.0,0.0,0.0
2,0.0,0.0,1.0
2,0.0,0.9971111426366885,0.0028888573633113566
2,0.0,0.0,1.0
2,0.0,0.0,1.0
2,0.0,0.042728929775219936,0.95727107022478
2,0.0,0.0,0.0
2,0.42222921939598934,0.0,0.5777707806040105
2,0.0,0.0,1.0
2,0.0,0.056592023762508305,0.9434079762374917
2,0.0,0.0,1.0
2,0.0,0.0,0.0
2,0.0,0.0,0.0
2,0.0,0.0,1.0
2,0.0,0.0,0.0
2,0.0,0.0,1.0
2,0.0,0.0,1.0
2,1.0,0.0,0.0
2,0.0,0.0,1.0
2,0.0,0.0,1.0
2,0.0,0.6285496218290931,0.371450378170907
2,0.0,0.0,1.0
2,0.0,0.0,0.0
2,0.0,0.9977994316510241,0.002200568348975885
2,0.0,0.0,1.0
2,0.0,0.0,1.0
2,0.0,0.0,1.0
2,0.0,0.0,1.0
2,0.0,0.9999994762817075,5.2371829266974e-07
2,0.0,0.0,1.0
2,0.0,0.0,1.0
2,0.0,0.0,0.0
2,0.0,0.0,0.0
2,0.0,0.9684806985539328,0.031519301446067065
2,0.0,0.0,0.0
2,0.0,0.736079635801603,0.26392036419839693
2,1.0,0.0,0.0
2,0.0,0.0,1.0
2,0.0,0.0,0.0
2,0.0,0.0,1.0
2,0.6977046645670466,0.0,0.3022953354329535
2,0.0,0.0,1.0
2,0.0006777820723332064,0.0,0.9993222179276668
2,0.0,0.0,1.0
2,0.0,0.0,1.0
2,0.0,0.0,1.0
2,0.0,0.0,0.0
2,0.2754799451362274,0.0,0.7245200548637727
2,0.0,1.0,0.0
2,0.0,0.0,0.0
2,0.0,0.0,0.0
2,0.0,0.0,1.0
2,0.2051035004084643,0.0,0.7948964995915356
2,0.9879222173834096,0.0,0.012077782616590416
2,0.0,0.0,0.0
2,0.0,0.0,1.0
2,0.0,0.0,1.0
2,0.5540209949908049,0.0,0.4459790050091951
2,0.0,0.20746370533233283,0.7925362946676671
2,0.0,0.0,1.0
2,0.0,0.0,1.0
2,0.0,0.0,1.0
2,0.9999581318048237,0.0,4.1868195176248535e-05
2,0.0,0.0,1.0
2,0.0,0.7218492617101184,0.27815073828988157
2,0.0,0.0,1.0
2,0.0,0.0,1.0
2,0.0,0.0,1.0
2,0.0,0.0,0.0
2,0.0,0.6304312040458054,0.36956879595419456
2,0.0,0.0,1.0
2,0.0,0.0,0.0
2,0.0,0.0,1.0
2,0.0,0.0,0.0
2,0.0,0.0,0.0
2,0.07077869394453941,0.0,0.9292213060554606
2,0.0,0.0,0.0
2,0.0,0.0,0.0
2,0.0,0.0,1.0
2,0.0,0.0,1.0
2,0.0,0.0,1.0
2,0.0,0.0,1.0
2,0.0,0.0,1.0
2,0.0,0.0,1.0
2,0.0,0.0,1.0
2,0.0,0.0,0.0
2,0.7413811041896502,0.0,0.2586188958103499
2,0.0,0.0,0.0
2,0.0,0.0,1.0
2,0.0,0.10327134716621011,0.8967286528337899
2,0.0,0.0,1.0
2,1.0,0.0,0.0
2,0.0,0.0,0.0
2,0.0,0.0,0.0
2,0.0,0.0,1.0
2,0.0,0.9953391679468717,0.0046608320531282554
2,0.0,0.0,1.0
2,0.0,0.0,0.0
2,0.0,0.0,1.0
2,0.0,0.0,1.0
2,0.0,0.0,1.0
2,0.0,0.0,0.0
2,0.0,0.0,1.0
2,0.0,0.0,1.0
2,0.0,0.0,1.0
2,0.0,0.0,1.0
2,0.0,0.0,0.0
2,0.0,0.9357438146472246,0.06425618535277551
2,0.0,0.0,1.0
2,0.0,0.0,0.0
2,0.0,0.0,1.0
2,0.01034762477075427,0.0,0.9896523752292458
2,0.0,0.0,1.0
2,0.0,0.12533405556674831,0.8746659444332516
2,0.0,0.0,0.0
2,0.0,0.0,1.0
2,0.0,0.0,1.0
2,0.0,0.0,1.0
2,0.0,0.0,1.0
2,0.0,0.0,1.0
2,0.0,0.0,1.0
2,0.0,0.9239746656939821,0.07602533430601786
2,0.0,0.0,0.0
2,0.0,0.0,1.0
2,0.0,0.0,0.0
2,0.0,0.0,0.0
2,0.0,0.0,0.0
2,0.0,0.0,1.0
2,0.5087207546637882,0.0,0.4912792453362119
2,0.0,0.0,1.0
2,0.0,0.0,0.0
2,0.0,0.0,0.0
2,0.0,0.0,1.0
2,0.0,0.0,0.0
2,0.0,0.19069862333473678,0.8093013766652633
2,0.0,0.0,1.0
2,0.0,0.0,1.0
2,0.0,0.0,1.0
2,1.0,0.0,0.0
2,0.0,0.0,1.0
2,0.0,0.0,1.0
2,0.0,0.0,1.0
2,0.0,0.9999999991946953,8.053047447752351e-10
2,0.0,0.0,1.0
2,0.0,0.0,1.0
2,0.0,0.0,1.0
2,0.0,0.0,1.0
2,0.0,0.0,1.0
2,0.0,0.0,1.0
2,0.0,0.0,0.0
2,0.0,0.0,1.0
2,0.0,0.0,0.0
2,0.0,0.0,1.0
2,0.992555583339739,0.0,0.007444416660260896
2,0.0,0.9503272835840945,0.04967271641590546
2,0.0,0.0,1.0
2,0.0,0.0,1.0
2,0.0,0.0,1.0
2,0.0,0.6637385908775097,0.3362614091224903
2,0.0,0.0,1.0
2,0.0,0.0,1.0
2,0.0,0.0,1.0
2,0.0,0.0,0.0
2,0.0,0.0,1.0
2,0.0,0.0,1.0
2,0.0,0.0,0.0
2,0.0,0.14117887908054724,0.8588211209194527
2,0.0,0.0,0.0
2,0.028070883499499034,0.0,0.971929116500501
2,0.0,0.0,1.0
2,0.0,0.0,1.0
2,0.0,0.0,0.0
2,0.9842372278393275,0.0,0.015762772160672463
2,0.0,0.0,1.0
2,0.0,0.0,1.0
2,0.999999998823864,0.0,1.17613601489867e-09
2,0.0,0.0,0.0
2,0.0,0.0,1.0
2,0.0,0.0,0.0
2,0.0,0.0,1.0
2,0.0,0.0,1.0
2,0.024797448042197565,0.0,0.9752025519578025
2,0.0,0.0,1.0
2,0.0,0.0,1.0
2,0.0,0.0,0.0
2,0.0,0.0,1.0
2,0.011460205207357242,0.0,0.9885397947926428
2,0.0,0.0,1.0
2,0.0,0.0,1.0
2,0.0,0.0,1.0
2,0.11963719331246317,0.0,0.8803628066875369
2,0.0,0.0,1.0
2,0.0,0.0,1.0
2,0.0,0.0,1.0
2,0.0,0.0,1.0
2,0.0,0.0,1.0
2,1.0,0.0,0.0
2,0.0,0.0,0.0
2,0.0,0.0,1.0
2,0.5321673678008312,0.0,0.4678326321991688
2,0.0,0.9419370262915467,0.0580629737084532
2,0.0,0.0,0.0
2,0.0,0.0,1.0
2,0.0,0.0,0.0
2,0.0,0.0,1.0
2,0.0,0.0,1.0
2,0.0,0.0,1.0
2,0.0,0.0,1.0
2,0.0,0.9038856284635063,0.09611437153649363
2,0.926029109574332,0.0,0.0739708904256679
2,0.0,0.0,1.0
2,0.0,0.0,1.0
2,0.003756683147952439,0.0,0.9962433168520476
2,0.0,0.0,1.0
2,0.0,0.0,1.0
2,0.0,0.0,0.0
2,0.0,0.0,0.0
2,0.0,0.0,1.0
2,0.0,0.0,1.0
2,0.0,0.0,1.0
2,0.0,0.0,1.0
2,0.0,0.05965959167908348,0.9403404083209166
2,0.0,0.0,1.0
2,0.0,0.0,1.0
2,0.0,0.0,0.0
2,0.0,0.2566426731167696,0.7433573268832304
2,0.0,0.0,1.0
2,0.0,0.0,1.0
2,0.0,0.0,0.0
2,0.0,0.0,1.0
2,0.0,0.06534816421868606,0.9346518357813139
2,0.0,0.0,0.0
2,0.0,0.0,1.0
2,0.0,0.9999999996792366,3.2076330045151215e-10
2,0.0,0.0,0.0
2,0.0,0.0,1.0
2,0.0,0.0,1.0
2,0.0,0.0,1.0
2,0.0,0.0,1.0
2,0.0,1.0,0.0
2,0.0,0.0,1.0
2,0.0,0.0,1.0
2,0.0,0.0,1.0
2,0.0,0.0,1.0
2,0.0,0.963661301582202,0.036338698417798035
2,0.0,0.0,1.0
2,0.0,0.0,1.0
2,0.08316303256153401,0.0,0.916836967438466
2,0.0,0.0,1.0
2,0.0,0.9999998684204598,1.3157954009884487e-07
2,0.9993264457009596,0.0,0.0006735542990403787
2,0.0,0.0,0.0
2,0.0,0.021852839183092918,0.978147160816907
2,0.0,0.9999999987911972,1.2088028511638715e-09
2,0.0,0.0,1.0
2,0.9726948876934308,0.0,0.027305112306569203
2,0.0,0.0,1.0
2,0.0,0.0,1.0
2,0.0,0.0,1.0
2,0.0,0.9999998795818289,1.2041817113309966e-07
2,0.8735776055796082,0.0,0.12642239442039183
2,0.0,0.0,0.0
2,0.0,0.0,0.0
2,0.0,0.0,0.0
2,0.8811236285618966,0.11768603109876152,0.0011903403393418016
2,0.997825736751338,0.0,0.0021742632486620424
2,0.0,0.0,0.0
2,0.0,0.0,0.0
2,0.0,0.0,1.0
2,0.0,0.0,0.0
2,0.8427806611299712,0.0,0.15721933887002887
2,0.0,0.0,1.0
2,0.0,0.0,1.0
2,0.0,0.0,1.0
2,0.0,0.0,1.0
2,0.0,0.0,1.0
2,0.0,0.0,1.0
2,0.999999999529545,0.0,4.704550640219262e-10
2,0.0,0.0,1.0
2,0.0,0.0,1.0
2,0.0,0.0,0.0
2,0.0,0.0,1.0
2,0.0,0.0,1.0
2,0.0,0.0,1.0
2,0.0,0.0,0.0
2,0.0,0.0,1.0
2,0.0,0.0,1.0
2,0.0,0.0,1.0
2,0.0,0.9999999083803943,9.161960557759798e-08
2,0.0,0.0,1.0
2,0.0,0.0,0.0
2,0.0,0.0,1.0
2,0.0,0.0,1.0
2,0.0,0.0,0.0
2,0.0,0.0,1.0
2,0.0,0.0,1.0
2,0.0,0.0,1.0
2,0.0,0.0,1.0
2,0.0,0.0,1.0
2,0.0,0.0,0.0
2,0.0,0.0,0.0
2,0.0,0.0,1.0
2,0.0,0.0,1.0
2,0.0,0.0,1.0
2,0.0,0.0,1.0
2,0.0,0.0,1.0
2,0.0,0.0,1.0
2,0.0,0.0,1.0
2,0.0,0.0,1.0
2,0.0,0.0,1.0
2,0.0,0.05900981850590133,0.9409901814940986
2,0.0,0.0,1.0
2,0.0,0.0,1.0
2,0.0,0.0,1.0
2,0.0,0.0,1.0
2,0.0,0.0,1.0
2,0.0,0.0,1.0
2,0.0,0.0,1.0
2,0.2925215784067958,0.0,0.7074784215932042
2,0.0,0.0,1.0
2,0.0,0.0,1.0
2,0.0,0.0,1.0
2,0.0,0.0,1.0
2,0.0,0.0,1.0
2,0.0,0.0,1.0
2,0.9879919723925894,0.0,0.012008027607410572
2,0.9999999997625115,0.0,2.3748848786132656e-10
2,0.0,0.0,1.0
2,0.0,0.0,1.0
2,0.0,0.17420418236740512,0.8257958176325949
2,0.0,0.0,0.0
2,0.0,0.0,1.0
2,0.8210542126929444,0.0,0.17894578730705557
2,0.0,0.0,1.0
2,0.0,0.0,1.0
2,0.0,0.0,1.0
2,0.0,0.0,1.0
2,0.0,0.0,0.0
2,0.0,0.0,0.0
2,0.0,0.0,1.0
2,0.0,0.0,1.0
2,0.0,0.002049264181339134,0.9979507358186608
2,0.0,0.0,1.0
2,0.0,0.0,1.0
2,0.0,0.0,1.0
2,0.0,0.0,1.0
2,0.0,0.0,1.0
2,0.0,0.0,1.0
2,0.0,0.0,1.0
2,0.0,0.0,0.0
2,0.0,0.0,1.0
2,0.0,0.0,0.0
2,0.0,0.0,0.0
2,0.0,0.6135751617546391,0.3864248382453608
2,0.0,0.0,0.0
2,0.0,0.9617148187017046,0.03828518129829539
2,0.0,0.0,1.0
2,0.0,0.0,0.0
2,0.0,0.0,0.0
2,0.9693963880892732,0.03060348314449859,1.2876622814483536e-07
2,0.0,0.0,1.0
2,0.0,0.11171044447479415,0.8882895555252058
2,0.6022642418664337,0.0,0.39773575813356626
2,0.0,0.0,0.0
2,0.0,0.0,0.0
2,0.0,0.0,0.0
2,0.0,0.0,0.0
2,0.0,0.0,1.0
2,0.0,0.0,1.0
2,0.0,0.0,1.0
2,0.0,0.0,1.0
2,0.0,0.0,1.0
2,0.0,0.0,1.0
2,0.9999543728286179,0.0,4.5627171382125514e-05
2,0.0,0.0,0.0
2,0.0,0.0,1.0
2,0.0,0.0,1.0
2,0.0,0.9999999987911994,1.2088006489354936e-09
2,0.0,0.0,1.0
2,0.0,0.0,0.0
2,0.0,0.0,0.0
2,0.0636217948492468,0.0,0.9363782051507532
2,0.9827304825927388,0.017269400321851203,1.1708540986950289e-07
2,0.0,0.0017622968488214103,0.9982377031511787
2,0.796260756266118,0.0,0.203739243733882
2,0.0,0.0,0.0
2,0.0,0.0,0.0
2,0.0,0.0,1.0
2,0.0,0.0,1.0
2,0.0,0.0,1.0
2,0.0,0.0,1.0
2,0.0,0.0,1.0
2,0.0,0.0,1.0
2,0.0,0.0,1.0
2,0.0,0.0,1.0
2,0.0,0.0,0.0
2,0.0,0.0,1.0
2,0.0,0.3589985734118001,0.6410014265881999
2,0.6113472313428225,0.0,0.3886527686571774
2,0.0,0.0,1.0
2,0.6922700928610835,0.0018825500964189928,0.30584735704249755
2,0.0,0.0,0.0
2,0.0,0.0,0.0
2,0.8579770070401413,0.0,0.14202299295985854
2,0.0,0.0,1.0
2,0.0,0.0,0.0
2,0.5577733724605793,0.0,0.4422266275394206
2,0.0,0.0,0.0
2,0.11073883690324272,0.0,0.8892611630967573
2,0.0,0.7492299940721596,0.25077000592784043
2,0.0,0.11581758783397646,0.8841824121660236
2,0.0,0.0,1.0
2,0.0,0.0,1.0
2,0.0,0.0,1.0
2,0.0,0.0,1.0
2,0.6793939173723753,0.0,0.32060608262762463
2,0.0,0.0,1.0
2,0.0,0.0020064967372136196,0.9979935032627865
2,0.0,0.0,1.0
2,0.0,0.0,1.0
2,0.0,0.0,1.0
2,0.0,0.0,1.0
2,0.0,0.1840839530834618,0.8159160469165381
2,0.0,0.9999999999037711,9.622899819167047e-11
2,0.0,0.0,1.0
2,0.0,0.04889939581152799,0.951100604188472
2,0.0,0.0,1.0
2,0.0,0.0,1.0
2,0.9999999982820399,0.0,1.7179600017302604e-09
2,0.0,0.0,0.0
2,0.0,0.0,1.0
2,0.0,0.0,1.0
2,0.0,0.0,1.0
2,0.0,0.0,0.0
2,0.0,0.0,1.0
2,0.0,0.0,1.0
2,0.942560802833597,0.0,0.05743919716640305
2,0.0,0.0,0.0
2,0.0,0.0,1.0
2,0.0,0.0,1.0
2,0.0,0.0,0.0
2,0.0,0.0,1.0
2,0.0,0.0,1.0
2,0.003740145668046466,0.0,0.9962598543319535
2,0.0,0.0,1.0
2,0.0,0.9742194690894712,0.025780530910528725
2,0.0,0.0,1.0
2,0.0,0.0,1.0
2,0.0,1.0,0.0
2,0.0,0.0,1.0
2,0.0,0.0,0.0
2,0.0,0.06964548429338227,0.9303545157066176
2,0.0,0.0,1.0
2,0.0,0.0,1.0
2,0.0,0.0,0.0
2,0.0,0.0,1.0
2,0.0,0.0,0.0
2,0.0,0.13623121725319698,0.863768782746803
2,0.0,0.0,1.0
2,0.0,0.0,0.0
2,0.0,0.0,0.0
2,0.0,0.0,0.0
2,0.0,0.0,1.0
2,0.0,0.0,0.0
2,0.0,0.0,0.0
2,0.0,0.0,1.0
2,0.007209122424781299,0.0,0.9927908775752188
2,0.0,0.0,0.0
2,0.0,0.0,1.0
2,0.0,0.9999999773965961,2.260340389217122e-08
2,0.7556654833407461,0.0,0.24433451665925382
2,0.0,0.0,0.0
2,0.0,0.0,0.0
2,0.0,0.0,0.0
2,0.0,0.28838531753190816,0.7116146824680918
2,0.0,0.0,1.0
2,0.0,0.0,1.0
2,0.0,0.0,1.0
2,0.0,0.0,1.0
2,0.9953885979626764,0.0,0.0046114020373235675
2,0.0,0.0,1.0
2,0.0,0.0,0.0
2,0.0,0.0,0.0
2,0.0,0.0,0.0
2,0.054275931299241804,0.0,0.9457240687007582
2,0.0,0.0,1.0
2,0.0,0.0,1.0
2,0.0,0.0,1.0
2,0.0,0.0,0.0
2,0.0,0.0,1.0
2,0.0,0.0,1.0
2,0.0,0.0,1.0
2,0.0,0.0,0.0
2,0.9722010447246701,0.0,0.027798955275329808
2,0.0,0.0,0.0
2,0.0,0.0,0.0
2,0.9999998863927877,0.0,1.1360721230249391e-07
2,0.0,0.0,1.0
2,0.0,0.0,1.0
2,0.0,0.0,1.0
2,0.0,0.0,1.0
2,0.0,0.0,1.0
2,0.0,0.0,1.0
2,0.0,0.0,1.0
2,0.0,0.0,1.0
2,0.0,0.0,1.0
2,0.9985396528084169,0.0,0.0014603471915831056
2,0.0,0.0,1.0
2,0.0,0.0,1.0
2,0.0,0.0,0.0
2,0.0,0.0,1.0
2,0.04524157242944746,0.0,0.9547584275705525
2,0.0,0.0,1.0
2,0.0,0.0,1.0
2,0.0,0.0,1.0
2,0.0,0.0,1.0
2,0.0,0.0,1.0
2,0.0,0.0,1.0
2,0.9997224292192336,0.0,0.0002775707807663822
2,0.9999990847836252,0.0,9.152163748241523e-07
2,0.0,0.0,1.0
2,0.0,0.0,1.0
2,0.0,0.0,1.0
2,0.0,0.0,1.0
2,0.0,0.0,0.0
2,0.0,0.0,0.0
2,0.0,0.0,1.0
2,0.0,0.0,1.0
2,0.0,0.0,1.0
2,0.0,0.0,0.0
2,0.0,0.0,0.0
2,0.0,0.0,1.0
2,0.0,0.0,1.0
2,0.0,0.0,1.0
2,0.0,0.0018685806184310309,0.9981314193815689
2,0.28274377659435496,0.0,0.717256223405645
2,0.9270444027009432,0.0,0.07295559729905679
2,0.0,0.22101440236369088,0.7789855976363091
2,0.0,0.0,0.0
2,0.0,0.0,1.0
2,0.0,0.0,1.0
2,0.0,0.0,1.0
2,0.0,0.0,1.0
2,0.0,0.0,1.0
2,0.0,0.0,1.0
2,0.0,0.0,1.0
2,0.0,0.0,1.0
2,0.0,0.056675659139829256,0.9433243408601707
2,0.0,0.0,1.0
2,0.0,0.0,1.0
2,0.0,0.1602405005464109,0.839759499453589
2,0.0,0.0,1.0
2,0.0,0.0,0.0
2,0.0,0.0,1.0
2,0.0,0.0,1.0
2,0.0,0.0,1.0
2,0.0,0.0,1.0
2,0.0,0.0,1.0
2,0.0,0.0,1.0
2,0.0,0.0,1.0
2,0.8977702312483707,0.0,0.10222976875162929
2,0.0,0.17956363239909623,0.8204363676009037
2,0.0,0.0,0.0
2,0.0,0.0,0.0
2,0.0,0.0,1.0
2,0.0,0.9999998797375194,1.2026248075030185e-07
2,0.0,0.0,1.0
2,0.0,0.0,1.0
2,0.0,0.22847611659985123,0.7715238834001488
2,0.0,0.0,1.0
2,0.0,0.9902929771058467,0.009707022894153242
2,0.0,0.0,0.0
2,0.0,0.9925493916066337,0.007450608393366291
2,0.0,0.0,1.0
2,0.0,0.0,1.0
2,0.0,0.0,0.0
2,0.0,0.0,0.0
2,0.0,0.0,1.0
2,0.0,0.0,1.0
2,0.0,0.0,1.0
2,0.0,0.0,1.0
2,0.0,0.0,1.0
2,0.0,0.0,1.0
2,0.0,0.0,1.0
2,0.0,0.0,0.0
2,0.0,0.989004478161962,0.010995521838037996
2,0.0,0.0,1.0
2,0.0,0.0,1.0
2,0.0,0.0,1.0
2,0.0,0.0,0.0
2,0.0,0.0,1.0
2,0.0,0.0,1.0
2,0.0,0.0,1.0
2,0.0,0.0,1.0
2,0.0,0.0,1.0
2,0.0,0.0,0.0
2,0.0,0.0,1.0
2,0.0,0.0,1.0
2,0.0,0.1571619150193098,0.8428380849806901
2,0.0,0.0,1.0
2,0.0,0.0,1.0
2,0.0,0.0,1.0
2,0.0,0.0,0.0
2,0.0,0.0,0.0
2,0.0,0.0,0.0
2,0.0,0.0,1.0
2,0.0,0.0,1.0
2,0.0,0.0,1.0
2,0.0,0.9999999999625104,3.748953932096461e-11
2,0.0,0.0,1.0
2,0.0,0.0,0.0
2,0.0,0.0,1.0
2,0.9686057441322774,0.0,0.031394255867722654
2,0.0,0.6754107818805356,0.3245892181194645
2,0.0,0.0,1.0
2,0.0,0.0,1.0
2,0.0,0.0,1.0
2,0.0,0.0,1.0
2,0.0,0.0,1.0
2,0.9355857367830662,0.0,0.06441426321693385
2,0.0,0.0,1.0
2,0.0,0.0,0.0
2,0.0,0.0,1.0
2,0.0,0.0,1.0
2,0.0,0.0,1.0
2,0.0,0.10003184919758892,0.8999681508024111
2,0.0,0.0,1.0
2,0.0,0.0,1.0
2,0.0,0.0,0.0
2,0.0,0.0,1.0
2,0.0,0.0,1.0
2,0.0,0.0,1.0
2,0.0,0.1640184435447628,0.8359815564552372
2,0.0,0.0,0.0
2,0.0,0.0,0.0
2,0.0,0.0,1.0
2,0.0,0.9818064898474189,0.018193510152581034
2,0.0,0.0,1.0
2,0.0,0.0,0.0
2,0.0,0.0,0.0
2,0.0,0.0,1.0
2,0.0,0.0,1.0
2,0.0,0.0,0.0
2,0.0,0.0,0.0
2,0.0,0.0,1.0
2,0.0,0.0,1.0
2,0.0,0.0,1.0
2,0.0,0.0,0.0
2,0.0,0.0,1.0
2,0.0,0.9930074613080244,0.006992538691975661
2,0.0,0.0,1.0
2,0.0,0.0,1.0
2,0.0,0.6890841000395387,0.3109158999604613
2,0.0,0.0,1.0
2,0.0,0.0,1.0
2,0.0,0.0,1.0
2,0.0,0.0,1.0
2,0.0,0.0,0.0
2,0.496193828392436,0.0,0.503806171607564
2,0.0,0.0,0.0
2,0.0,0.0,1.0
2,0.0,0.0,1.0
2,0.0,0.0,1.0
2,0.0,0.9999999979621322,2.0378677634345106e-09
2,0.0,0.0,1.0
2,0.24694350809996032,0.0,0.7530564919000398
2,0.0,0.0,1.0
2,0.0,0.0,1.0
2,0.0,0.0,1.0
2,0.0,0.0,0.0
2,0.0,0.0,1.0
2,0.0,0.17204875099677255,0.8279512490032275
2,0.0,0.0,1.0
2,0.0,0.0,1.0
2,0.0,0.0,1.0
2,0.0,0.0,0.0
2,0.0,0.0,1.0
2,0.0,0.0,1.0
2,0.08313431067692124,0.0,0.9168656893230788
2,0.8838376558136809,0.0,0.11616234418631904
2,0.0,0.0,0.0
2,0.0,0.0,1.0
2,0.0,0.0,0.0
2,0.12770876258113176,0.0,0.8722912374188683
2,0.0,0.0,1.0
2,0.0,0.0,1.0
2,0.0,0.0,1.0
2,0.0,0.0,1.0
2,0.9401151769570093,0.0,0.059884823042990754
2,0.0,0.0,0.0
2,0.0,0.0,1.0
2,0.0,0.0,1.0
2,0.016371185931034447,0.0,0.9836288140689655
2,0.0,0.0,1.0
2,0.0,0.0,1.0
2,0.0,0.0,1.0
2,0.0,0.0,1.0
2,0.0,0.25509677999487146,0.7449032200051285
2,0.0,0.0,1.0
2,0.0,0.0,1.0
2,0.0,0.00019999241829141398,0.9998000075817086
2,0.0,0.0,0.0
2,0.0,0.9766803032219533,0.023319696778046798
2,0.0,0.0,1.0
2,0.0,0.0,0.0
2,0.0,0.0,0.0
2,0.0,0.0,1.0
2,0.0,0.0,1.0
2,0.0,0.860854140847817,0.13914585915218305
2,0.0,0.0,1.0
2,0.0,0.0,1.0
2,0.0,0.0,0.0
2,0.0,0.0,1.0
2,0.0,0.31220459090312375,0.6877954090968763
2,0.0,0.0,1.0
2,0.0,0.0,1.0
2,0.0,0.0,0.0
2,0.0,0.0,1.0
2,0.0,0.0,0.0
2,0.0,0.0,0.0
2,0.0,0.0,1.0
2,0.0,0.574424008724042,0.4255759912759581
2,0.0,0.0,0.0
2,0.0,0.0,0.0
2,0.0,0.0,1.0
2,0.0,0.0,1.0
2,0.0,0.0,0.0
2,0.9102728934257275,0.0,0.08972710657427246
2,0.0,0.0,1.0
2,0.6030496812733289,0.0,0.3969503187266711
2,0.0,0.0,1.0
2,0.0,0.0,1.0
2,0.12320866426623243,0.0,0.8767913357337676
2,0.0,0.0,1.0
2,0.0,0.0,0.0
2,0.0,0.6465354010938266,0.3534645989061734
2,0.0,0.0,0.0
2,0.0,0.0,1.0
2,0.0,0.0,0.0
2,0.0,0.9999372572535891,6.274274641103162e-05
2,0.0,0.0,1.0
2,0.0,0.0,1.0
2,0.0,0.2470495661777933,0.7529504338222067
2,0.045283825360054104,0.0,0.9547161746399458
2,0.0,0.0,1.0
2,0.0,0.0,1.0
2,0.0,0.0,1.0
2,0.9999999973209907,0.0,2.6790094304529066e-09
2,0.0,0.0,1.0
2,0.0,0.0,0.0
2,0.0,0.0,1.0
2,0.0,0.0,1.0
2,0.0,0.0,1.0
2,0.8017241607293211,0.0,0.19827583927067888
2,0.0,0.0,1.0
2,0.0,0.0,1.0
2,0.0,0.0,1.0
2,0.0,0.0,1.0
2,0.0,0.0,0.0
2,0.0,0.0,0.0
2,0.0,0.0,1.0
2,0.0,0.0,1.0
2,0.0,0.0,0.0
2,0.0,0.0,1.0
2,0.0,0.0,1.0
2,0.0,0.0,1.0
2,0.0,0.9999998904591401,1.0954085989015024e-07
2,0.0,0.9999999999660731,3.3926811699555556e-11
2,0.0,0.0,0.0
2,0.0,0.0,1.0
2,0.0,0.0,1.0
2,0.0,0.0,0.0
2,0.0,0.0,0.0
2,0.9191966107377907,0.0,0.08080338926220931
2,0.0,0.0,1.0
2,0.0,0.0,0.0
2,0.0,0.0,0.0
2,0.0,0.0,1.0
2,0.0,0.0,1.0
2,0.9891038024444395,0.0,0.010896197555560535
2,0.0,0.0,0.0
2,0.0,0.0,0.0
2,0.0,0.0,1.0
2,0.0,0.0,1.0
2,0.0,0.9999999882635977,1.1736402287972542e-08
2,0.0,0.0,1.0
2,0.0,0.0,1.0
2,0.0,0.9999999930591089,6.940890975861415e-09
2,0.0,0.0,1.0
2,0.0,0.0,1.0
2,0.0,0.126267846534634,0.873732153465366
2,0.0,0.0,0.0
2,0.0,0.0,0.0
2,0.0,0.0,1.0
2,0.0,0.0,0.0
2,0.9420251473335363,0.0,0.057974852666463815
2,0.9905502312321252,0.009449768767874733,0.0
2,0.0,0.0,0.0
2,0.0,0.0,0.0
2,0.574812760554488,0.0,0.4251872394455119
2,0.99292371385707,0.0,0.007076286142930006
2,0.0,0.0,1.0
2,0.0,0.0,0.0
2,0.0,0.0,1.0
2,0.0,0.0,0.0
2,0.0,0.0,0.0
2,0.0,0.0,1.0
2,0.0,0.0,1.0
2,0.0,0.0,1.0
2,0.0,0.0,1.0
2,0.0,0.0,0.0
2,0.0,0.0,1.0
2,0.0,0.0,1.0
2,0.0,0.0,1.0
2,0.0,0.0,1.0
2,0.0,0.0,0.0
2,0.0,0.0,1.0
2,0.0,0.0,1.0
2,0.0,0.9998578822952642,0.00014211770473578983
2,0.0,0.0,1.0
2,0.0,0.0,1.0
2,0.0,0.0,0.0
2,0.0,0.914459009793287,0.08554099020671296
2,0.7287638936228719,0.0,0.2712361063771281
2,0.0,0.0,1.0
2,0.843212634822396,0.15678734779612907,1.7381474957029547e-08
2,0.0,0.9958147246079141,0.004185275392086014
2,0.0,0.0,1.0
2,0.0,0.0,1.0
2,0.0,0.0,1.0
2,0.0,0.0,1.0
2,0.0,0.0,0.0
2,0.0,0.0,1.0
2,0.0,0.0,1.0
2,0.0,0.0,1.0
2,0.0,0.0,1.0
2,0.0,0.0,1.0
2,0.0,0.0,1.0
2,0.03506055991682609,0.0,0.9649394400831739
2,0.0,0.0,1.0
2,0.0,0.0,1.0
2,0.8992935245900574,0.0,0.1007064754099426
2,0.0,0.0,1.0
2,0.0,0.0,1.0
2,0.0,0.0,1.0
2,0.0,0.0,0.0
2,0.0,0.0,1.0
2,0.0,0.0,1.0
2,0.4970728174702669,0.0,0.502927182529733
2,0.0,0.0,1.0
2,0.0,0.0,1.0
2,0.0,0.0,0.0
2,0.0,0.0,1.0
2,0.0,0.0,0.0
2,0.0,0.0,0.0
2,1.0,0.0,0.0
2,0.08967665818214443,0.6666279685346695,0.24369537328318594
2,0.0,0.0,1.0
2,0.0,0.0,1.0
2,0.0,0.0,1.0
2,0.0,0.0,1.0
2,0.0,0.0,0.0
2,0.0,0.0,1.0
2,0.0,0.0,0.0
2,0.0,0.1616820846380401,0.8383179153619599
2,0.0,0.0,1.0
2,0.0,0.0,1.0
2,0.0,0.1750659018100085,0.8249340981899915
2,0.8932542955426009,0.10496389452373132,0.0017818099336677194
2,0.0,0.0,0.0
2,0.0,0.0,1.0
2,0.0,0.0,0.0
2,0.0,0.0,1.0
2,0.0,0.3061023046398716,0.6938976953601285
2,0.7320441784998086,0.0,0.26795582150019137
2,0.0,0.0,1.0
2,0.0,0.0,1.0
2,0.0,0.0,1.0
2,0.0,0.0,1.0
2,0.0,0.0,1.0
2,0.0,0.0,1.0
2,0.0,0.0,0.0
2,0.0,0.0,1.0
2,0.0,0.9374881699416493,0.06251183005835072
2,0.0,0.0,1.0
2,0.0,0.0,1.0
2,0.0,0.0,1.0
2,0.0,0.0,1.0
2,0.0,0.13861228364603384,0.8613877163539663
2,0.0,0.19351067333175223,0.8064893266682477
2,0.0,0.0,1.0
2,0.0,0.14506969681996593,0.8549303031800339
2,0.0,0.0,1.0
2,0.0,0.0,1.0
2,0.0,0.0,1.0
2,0.0,0.0,1.0
2,0.0,0.0,0.0
2,0.5118743201718841,0.0,0.4881256798281159
2,0.0,0.0,0.0
2,0.0,0.0,1.0
2,0.7571081838186425,0.0,0.24289181618135747
2,0.0,0.0,1.0
2,0.0,0.0,1.0
2,0.0,0.0,1.0
2,0.24302906018238976,0.0,0.7569709398176102
2,0.0,0.0,1.0
2,0.0,0.22200159651999693,0.777998403480003
2,0.0,0.0,1.0
2,0.0,0.0,0.0
2,1.0,0.0,0.0
2,0.0,0.0,1.0
2,0.0,0.0,1.0
2,0.0,0.0,1.0
2,0.0,0.0,1.0
2,0.0,0.0,0.0
2,0.0,0.0,1.0
2,0.060682808441649035,0.0,0.9393171915583509
2,0.0,0.0,1.0
2,0.0,0.0,0.0
2,0.0,0.0,1.0
2,0.3401547130939845,0.0,0.6598452869060155
2,0.0,0.9999726672738437,2.7332726156345146e-05
2,0.0,0.0,1.0
2,0.0,0.0,1.0
2,0.0,0.0,1.0
2,0.0,0.0,1.0
2,0.0,0.0,1.0
2,0.0,0.0,1.0
2,0.0,0.0,1.0
2,0.0,0.8791352151695329,0.12086478483046717
2,0.0,0.0,1.0
