,n1,n2,n3
0,0.04479893843908622,0.036509446855232996,0.2813799957589391
1,0.18062313226338989,0.16290583157038319,0.1620817623678108
2,0.014526293657543432,5.701736966090554e-05,0.08515230417969244
3,0.0924502257014016,0.030614055662769812,0.11351298518718705
4,0.08717739140744635,0.07521774955297245,0.22149842128929964
5,0.01717711453400006,0.012973712695904194,0.0354531211999195
6,0.01716178289840231,0.02701347928903841,0.12834993814735768
7,0.27134153039272646,0.38276952218116916,0.26070323872957835
8,0.1440782152629449,0.016750563411476405,0.0006340098583210718
9,0.08775444032791108,0.11029840038570582,0.1244453942657976
10,0.11608795563356877,0.02412943093018033,0.057974815818895575
11,0.08861840835742324,0.0263645914290227,0.12157095082739622
12,0.0031995289756898693,0.05768783069010475,0.029452064963443325
13,0.1868304499970077,0.19138048322408474,0.316323511606984
14,0.07708586095915959,0.14037302802986124,0.25762090768517776
15,0.17645327102122615,0.05691234718873328,0.27312994299407056
16,0.006456645783164183,0.03171982749335067,0.01313181118918716
17,0.040998656259944366,0.24423342596359032,0.038350117775525217
18,0.024569216496154733,0.10123541323608176,0.3053609764397145
19,0.1366821498648617,0.20919250928280803,0.16241324513184896
20,0.0972635906120054,0.11275643636059285,0.30551459067935444
21,0.06099806833475574,0.061196336971150345,0.0878549072216136
22,0.16615229967774447,0.07553204697234572,0.009616643885078435
23,0.0012948179215338529,0.08433190517094158,0.277506368874076
24,0.026796568523954956,0.0731479209535576,0.033549383598554194
25,0.06932004828560723,0.289784037369455,0.1888847029559223
26,0.053352029174743465,0.12492700418961389,0.09115951209979462
27,0.25307185940306376,0.25498397491555047,0.11779525667519009
28,0.2657280789902394,0.04770987199758381,0.05946485087364206
29,0.17372631781287906,0.07802534620160828,0.031192783121897882
30,0.08433039615602034,0.08442270310007594,0.06633037555391519
31,0.0040631277758099715,0.061888074275568195,0.17924236215985434
32,0.09572197585190773,0.058310705838048704,0.13250512019292954
33,0.13514669381914657,0.01905824599585515,0.11333600203295557
34,0.07743820589486294,0.10409394718067555,0.10890807762109456
35,0.11817314192016559,0.25680817194737,0.06493709063138742
36,0.16828035278182285,0.32502501122538013,0.3547021098910126
37,0.12257401478137786,0.06400581519825133,0.12687111484544833
38,0.19104979905835212,0.16971382553346193,0.20283069016852862
39,0.0065095154814936995,0.011340927015052404,0.049425976649230874
40,0.17199084817825472,0.08490725735018967,0.049458942850619025
41,0.06887460505739174,0.04924608291300647,0.027987064650804194
42,0.04666144216283569,0.00810884063592876,0.04688805696260323
43,0.048400251920821424,0.058674428295812486,0.04634289735333186
44,0.026568832345223004,0.051706367007641085,0.23842084236980843
45,0.22689062812207417,0.12330333357956136,0.15839950996711594
46,0.05367249023966392,0.052790640518738385,0.06525134765686302
47,0.039311253650553935,0.05335918796726613,0.1833393828159552
48,0.12211625299699203,0.037124741901209735,0.17737716482851074
49,0.028273221669321447,0.04035360045597647,0.0938410067804068
50,0.07119821420849398,0.06976105519847842,0.01936616883988873
51,0.1705017318171389,0.0655656365453901,0.09045233424342886
52,0.12085946042915152,0.1677367182126449,0.2663798729128413
53,0.21927914250381686,0.16430061028477805,0.11561628027524401
54,0.06545332905093848,0.03362744097161052,0.20710111014215482
55,0.07500329007787876,0.21266463452860335,0.004013590690877145
56,0.29312182313895063,0.22146175089611364,0.024914178384328856
57,0.13110146093914132,0.01513903055349064,0.07901670012596218
58,0.0444741549251102,0.24767909975698377,0.05148327891286453
59,0.00030180715158623084,0.0008771538682418312,0.19272010240447512
60,0.028799791129531294,0.06146284718431427,0.0833159048463582
61,0.27504792070913364,0.1490395898704322,0.07977731322183124
62,0.07542151884139114,0.17876792235518402,0.08653341861963737
63,0.0016095925516871334,0.055006509902483236,0.0743652709031209
64,0.20722192138676876,0.081768311689002,0.005748925743486066
65,0.03874062882159951,0.06941127563907351,0.046648223129360455
66,0.1368601300793988,0.09421780986690076,0.02974302715660626
67,0.26414154135836165,0.27762861899978086,0.07032095245927783
68,0.0648288558213112,0.030199445607702824,0.17803423074443325
69,0.10966060893179741,0.13243037446472755,0.17962314162466553
70,0.10732870979599501,0.0723746831911396,0.16184017349617769
71,0.03605710928354089,0.022261124312669134,0.025751603950705415
72,0.10180853572175691,0.22936986325090958,0.142272297483663
73,0.09100446768052356,0.05776122900220437,0.009925764476675147
74,0.05435382671970457,0.15828704098300067,0.11467446859770702
75,0.031164933471152123,0.048902255207446066,0.13998581174676883
76,0.013190015856199166,0.05211274895263346,0.12572615377620777
77,0.03289738413997634,0.05244149934572773,0.09230025481415305
78,0.0633410214242065,0.04175498432511959,0.10389816634041893
79,0.05982667414582238,0.11252699924665188,0.15126972876612477
80,0.06444962275013866,0.1124285284179466,0.11585048513391616
81,0.1333868264363079,0.12997005078810187,0.17452342986026453
82,0.18275022389812146,0.2725328814492682,0.0774355310192642
83,0.2420227265710695,0.18014877717876515,0.153820529687751
84,0.031902853292532896,0.07475047559754672,0.0741732986747356
85,0.05990504417354059,0.05450326723381016,0.322483248100919
86,0.16702976494419458,0.19637556766209918,0.3267571875512091
87,0.1734894489430322,0.04801961165111984,0.08982448783154129
88,0.08470616081726873,0.1202813074812572,0.07160387667125934
89,0.13251387524052893,0.09936357363656734,0.17999180014355676
90,0.057694265826770175,0.06082897462379566,0.11983162641474027
91,0.10396760205562883,0.14723817291541175,0.005747881283819756
92,0.10001509242810336,0.0063456423516519145,0.1324644748200151
93,0.12370611454030556,0.07840869723116883,0.10947827330294796
94,0.016988660749263418,0.00960165846118155,0.09105674818747278
95,0.02307635211314063,0.07963018638559516,0.3666282331554068
96,0.11731304268102649,0.11713987615029109,0.2594305183610829
97,0.04277831049362901,0.08828245805195634,0.10261953349989089
98,0.20907539693159055,0.18471792869970705,0.1762916354998849
99,0.09217390164370504,0.1469446887467294,0.010915885999441377
100,0.014571697010819729,0.06609960530435866,0.062083641834099534
101,0.39683310837258234,0.2623422700222159,0.025538229122479827
102,0.04020116381734218,0.10527390524935754,0.1612219787955529
103,0.1550597941486473,0.10829186724200646,0.1793066464356896
104,0.1544927475595843,0.10202191403411365,0.005768168886070124
105,0.057256996434413954,0.16426548108688233,0.11282783043773947
106,0.04224462923779959,0.10252116721499294,0.0015534435641660904
107,0.11337126403442499,0.03442009780931343,0.20729552112641958
108,0.020176330046537072,0.10175175101499928,0.08200738934972351
109,0.1363649238313107,0.08687085238157743,0.15652798555039926
110,0.07412794442819781,0.04567397334272055,0.12176496969494893
111,0.224929446459963,0.205737046947557,0.01031252657700965
112,0.06710270288615211,0.13348388040608627,0.21695756157827972
113,0.15025961833801416,0.09135991279071687,0.08064136328647464
114,0.15472747837991857,0.081444015876315,0.1711915096681091
115,0.1748219446668614,0.19726303935291062,0.17855807698796622
116,0.2640489782307482,0.2409970677150307,0.23524089892543243
117,0.1886684876783541,0.069028368365664,0.03130428899041571
118,0.17060860264276523,0.01916824349211399,0.19793307597999915
119,0.13311721968360024,0.03234079825486291,0.11995351793348485
120,0.24804175019180313,0.23556360806168986,0.1049173803652888
121,0.1385301305316709,0.07129604568506698,0.07260667604822824
122,0.14814333905517402,0.20014874305676578,0.11978933179121448
123,0.005010542480544999,0.08970530216684358,0.010316368765962425
124,0.08099301042925622,0.0029848409072991133,0.13143735959593267
125,0.007088434643136798,0.014435263411799681,0.0021495355843190733
126,0.04259819669756337,0.06924980813620263,0.03174681733662382
127,0.0023832130808394414,0.043037733602838135,0.1846542866129422
128,0.031555441748023993,0.054918925747880376,0.2141081569776082
129,0.07041078696548342,0.10030083576237203,0.09646898394411019
130,0.3653304855869529,0.1683848276114519,0.2797854643189357
131,0.13616858674566457,0.1241058342868907,0.11309553923410653
132,0.07991464999184184,0.010105054398261926,0.2481266657204355
133,0.2365382343664339,0.2836172507315732,0.08908669415875331
134,0.11273542905198308,0.2283736496340526,0.14220179258666021
135,0.020466703165760713,0.05575767113009078,0.09093662977815492
136,0.045739654298164734,0.03698085675801155,0.05477712516606814
137,0.06812299714888825,0.0831352747543701,0.18931800629410167
138,0.22942359417202707,0.02190831842165264,0.168572255697007
139,0.14790047288084762,0.07971912384113372,0.14253860264901785
140,0.01184880597421839,0.08470029409047919,0.2702164965199697
141,0.1504622033096662,0.16392717420237318,0.17669851481058685
142,0.06804356251828553,0.1817156973787699,0.056743577365390985
143,0.004042119685651935,0.03459820475131237,0.042086473026956006
144,0.09276790816847141,0.21083106830428833,0.008232555148202203
145,0.04274532012142562,0.08595989589167385,0.2170626315191292
146,0.02258132027933163,0.19544272746125968,0.06968976310373298
147,0.33059870008048614,0.1561775779289758,0.20315574311057294
148,0.040639328089537186,0.046881793148593476,0.25021238147315744
149,0.03958417520440827,0.10481006618322075,0.06581341603055796
150,0.08095527580511519,0.07893188973751392,0.24816776409384272
151,0.010179672962768171,0.16383099987216065,0.051578154401107246
152,0.04046636034201068,0.10044467100308263,0.09422935738473592
153,0.5072469555352923,0.3291682393496346,0.12198381888749138
154,0.26464947144461604,0.3210783410502681,0.12825791162806904
155,0.00019754927809134681,0.06724690631842867,0.015557757989079879
156,0.0548774533407792,0.0030974266943988304,0.10539022429864114
157,0.20921936287504944,0.10791348151540137,0.08840252479118504
158,0.2327033672873653,0.02666344678308713,0.004553980416798664
159,0.03692986088712402,0.05118647756942879,0.0276742357581804
160,0.12045099029925044,0.16374241773299114,0.032191020142921634
161,0.13279664651745826,0.013498669399478969,0.20784013011988267
162,0.14513076257897684,0.021513940522701835,0.20921832752836095
163,0.07828852340222181,0.024390040920338252,0.06777531830408168
164,0.08517354185765869,0.07110073699567165,0.07563084150444455
165,0.11278400035444969,0.2371077216973267,0.34566721641807696
166,0.04052013736811866,0.09345847469169499,0.21000142736028182
167,0.132543345798196,0.12049448982008437,0.004158681373002682
168,0.1534132639252732,0.22899190962917143,0.012510855192710002
169,0.012457096225712339,0.000992113832716357,0.2149843133000544
170,0.060084666756837324,0.18534501880457355,0.08670058469270547
171,0.254419652731415,0.20068508387429862,0.11291151224138385
172,0.03201263773271501,0.03459007388159374,0.03681614631199254
173,0.01026185430160148,0.0948042720313862,0.003755526400709197
174,0.16960988250673242,0.11785781854882693,0.10427185520417703
175,0.07377575777434525,0.0517865239023374,0.07636964393351131
176,0.012845992312157328,0.07512370707554994,0.2441574935758276
177,0.08512336776761376,0.13852117443072848,0.0679884572761692
178,0.11361737798518695,0.1805985372182375,0.11483394589439555
179,0.02216497469120754,0.054792852234887834,0.05400721875547443
180,0.005010821698759438,0.006176223381951895,0.11389000559593021
181,0.15045240889303013,0.039001350852357786,0.34309666793572635
182,0.30381520779169346,0.2960705055279541,0.06692684721012532
183,0.014686569019173312,0.04409803508057164,0.08804535063198049
184,0.1764077022182014,0.15013260049454918,0.08243303318392164
185,0.1301653875140299,0.017008456687352402,0.049788961968901924
186,0.15684271034677866,0.15412988906299058,0.04622789931060939
187,0.07180384535561835,0.020073012244006927,0.052165336226153936
188,0.20553005785357165,0.200494845851516,0.16318781906415164
189,0.11937246221177233,0.07056839122948555,0.04822592623854727
190,0.02450585583390219,0.13832367646283922,0.2059937422781749
191,0.1315501157868576,0.028803413370275754,0.06566267761750155
192,0.04555344633966529,0.051616740372337655,0.10091071118317863
193,0.11873245401138088,0.21784906413485988,0.059099141095281915
194,0.08060680193027492,0.26704862592165196,0.17407483482326602
195,0.04008115797730155,0.16407327090670815,0.02214415012242743
196,0.29394812099673184,0.05316940079939925,0.03638167713221252
197,0.042936490348266465,0.10564276607623402,0.23225678713340536
198,0.043878870513958,0.16316540612642072,0.10370241237086059
199,0.3561635136529022,0.30594756146274993,0.05306844116568454
200,0.042131565015183225,0.006197253722183049,0.07130190729864222
201,0.20818413223726845,0.25277340592550757,0.048772204411585474
202,0.011259185395097682,0.07342881384644517,0.1345193018202801
203,0.12257881375824387,0.043321804105600714,0.02217491572307584
204,0.2066644859463055,0.2599692832449513,0.0009097784501286288
205,0.07857492139702771,0.21777164488015877,0.030313457429507695
206,0.20574877833190797,0.1691692687923967,0.09770470962228561
207,0.016717670355872405,0.11708123512264512,0.11331396016194772
208,0.02911910626382319,0.11075525489326438,0.26664931472394093
209,0.0953788887487777,0.09617089775699905,0.04313179207780071
210,0.11047947165459193,0.06299405062386965,0.14514893649116972
211,0.1669308095664378,0.006016198669244077,0.02654214717942205
212,0.09621200398252427,0.02205842387995194,0.16264536661823015
213,0.009025639535708008,0.029384660795612416,0.0455272475465891
214,0.23214933467758736,0.1493051108056921,0.12713538981883737
215,0.10440769402172101,0.2981890266381174,0.09933030753550198
216,0.19003431824331907,0.015862362214444037,0.21678203910373656
217,0.3603351782065389,0.35160610464290154,0.2809290286579542
218,0.00020937083041216997,0.04640493282635283,0.0412427289066124
219,0.24780737560932165,0.12344791977953351,0.09111083749041393
220,0.19282051571668057,0.15761827377154802,0.22464850472003883
221,0.10109274412691516,0.015126431112972738,0.24461706489402757
222,0.22320039081996956,0.15859496659102018,0.04146636560400635
223,0.05995858125476322,0.009991012434510171,0.0015326012838987602
224,0.1599572763678937,0.09925464356637842,0.08138501925902564
225,0.15251931950639952,0.10177945523886367,0.124402771477098
226,0.0823236571319384,0.012801382657321003,0.11149460845036663
227,0.1821866722228329,0.1403269717273149,0.020327613189350835
228,0.08853373377785612,0.11434093764898806,0.22193763946792933
229,0.024206571196605076,0.009868760927890796,0.0681028278934448
230,0.07981294575633402,0.05010802101343875,0.24839315411701612
231,0.19169468093944186,0.08579207125623667,0.09238429149118882
232,0.2538158623411227,0.2514025057098558,0.11816768197564198
233,0.04703479967853452,0.03998951463785938,0.04891991062457013
234,0.1982696580188662,0.09135323852675858,0.3627550660647507
235,0.19616388844833488,0.20775502017399317,0.15172302151152384
236,0.14429251099935914,0.2402299200999889,0.041533436078236896
237,0.05426927123448311,0.03214570454260429,0.0051676363244608226
238,0.01730216043329591,0.11778501064912605,0.1331332498041694
239,0.09138034868181433,0.09810372795755079,0.013760078640333795
240,0.4927530444647077,0.36272562593886015,0.2401808011230101
241,0.1492394614181689,0.21001374770040815,0.029144937740506527
242,0.08197066258473762,0.010926722841703596,0.1353761314889773
243,0.37835066621085095,0.20002395040828158,0.12314702586346116
244,0.016309984010768663,0.11587886870172293,0.03494422070789205
245,0.36873037291801025,0.41765185021504264,0.05250271755947011
246,0.19104493194684002,0.13048109665677982,0.14177819493548938
247,0.2504037639512439,0.23769769139493002,0.22003716248947147
248,0.20305208915065076,0.19063182264923778,0.13147531797387357
249,0.0696232478721982,0.09713050944557211,0.11786102092218953
250,0.05063765421445976,0.15001540154628723,0.17477773954105413
251,0.008902021285413064,0.07669137450850022,0.08758409067437034
252,0.14033869982123315,0.2969793860032979,0.16127741877437435
253,0.21515523713002438,0.17552221515465033,0.08117136386575363
254,0.11689897319375542,0.09824616313868584,0.11057330536919907
255,0.20830519743730957,0.47215873269968694,0.2418502920509632
256,0.07330092376217251,0.11041662029442734,0.22100596851897836
257,0.09385441820620077,0.023505260596495492,0.1505295284133067
258,0.03724064838997121,0.01346010668820008,0.028870304577134576
259,0.19706473704782124,0.1733559285204923,0.13395635127484667
260,0.08851144969941194,0.19348455612115512,0.2597070434744724
261,0.12892043620414373,0.2164596906473062,0.15242536201179135
262,0.0742087012014302,0.08825721915783674,0.18126074917346569
263,0.019860157721252936,0.11046212992959481,0.22014481839671396
264,0.10784669879460412,0.11559401736473662,0.16337693128166497
265,0.08807747404344124,0.06961416167347828,0.041199558526538005
266,0.3261426912461721,0.17373509135262194,0.21735477846982698
267,0.09893779989448714,0.007498231135188993,0.2503053402217928
268,0.23921323487621593,0.10768194269732057,0.0004451926335687917
269,0.22113529869578052,0.35541615762589773,0.08049674043492439
270,0.01845015562625746,0.0021149595907076213,0.0991344782606014
271,0.06252502303541063,0.072585339533075,0.15506486676951403
272,0.008314919481790972,0.028944441395439113,0.0396379552815701
273,0.04303856650596366,0.1586581397582536,0.09556749181774626
274,0.04014779110086847,0.08649238967196504,0.13424686087946236
275,0.13925999701785452,0.27190719220673515,0.13416857427181383
276,0.24552106908131027,0.244829451477097,0.04234731333845804
277,0.3051965206906022,0.010077493258592973,0.14517707222887627
278,0.14561845009876873,0.2508944041540667,0.2254504767642429
279,0.08922579484878623,0.025309753213561326,0.2582703156678168
280,0.17355273312417396,0.2116355336013917,0.022652781596142813
281,0.030181309828947456,0.10487658192045934,0.1989085846304745
282,0.023469267001572036,0.09755359667377317,0.40750512664256877
283,0.04375438316298552,0.1018160036966555,0.31440275487228486
284,0.17761963624271415,0.11066918955155514,0.1442895798058006
285,0.2846786431825342,0.28607840758165953,0.09130829886703107
286,0.06445935147424164,0.0030221207580276577,0.02960895494309901
287,0.20783495244074346,0.08425973552999794,0.13242305751105898
288,0.06209011820293919,0.1348846130136626,0.09057150195951741
289,0.12468505450570477,0.21102258429445453,0.2547503766079566
290,0.33230020986893727,0.2146383192121193,0.15872599889781258
291,0.1693781870413481,0.03607995974429373,0.17258875386073502
292,0.10092828189136066,0.17253633332334806,0.32610217778907613
293,0.18244149709262508,0.19937239050395528,0.21589588304326868
294,0.0803256612600205,0.07014940843614736,0.10605407289912766
295,0.22147056314183028,0.22194604736310042,0.025482079675342106
296,0.18241316720072132,0.1579299252212969,0.018643048587797417
297,0.12330749179476685,0.10795144237477772,0.015175005793097829
298,0.15752641114469035,0.026866736949907655,0.012709118158585775
299,0.1614350411819473,0.1232469788153654,0.18263089052901793
300,0.17380812550196623,0.21381999849925581,0.045596729147413195
301,0.15482479721239956,0.025072656549621986,0.12094341068414316
302,0.3476421754956218,0.33913890269317953,0.15565015411130223
303,0.041060554710905584,0.15975540508857877,0.04055739720807061
304,0.1563763859042045,0.007138917158762359,0.10590350878377702
305,0.09443863451570311,0.07245239988882285,0.19988924260020902
306,0.05163900960922346,0.1344146700732598,0.10555716978618057
307,0.19475397390971344,0.28479579458511617,0.06919701732248246
308,0.18546794091972152,0.1413796739296559,0.10754054702361682
309,0.07632950216777573,0.039387881958887205,0.09527790898425353
310,0.2159566833441271,0.2353392977098464,0.008468561428391475
311,0.11109534251441999,0.08430316155479511,0.09439998305005193
312,0.015484593431108362,0.05833700631885019,0.04569897960478819
313,0.1457069564556847,0.06975209863530496,0.046609753375372376
314,0.2618203288756148,0.11869359533837437,0.08785802548522026
315,0.08962960090666772,0.012379289488128609,0.34685952075504467
316,0.022798493682156584,0.10221112901576701,0.03575608661916563
317,0.05168925443054939,0.12266736003761236,0.11489102990983724
318,0.29881339660543066,0.31950475570179104,0.13441786901989206
319,0.1382502463933838,0.018734960116193244,0.20127298043877007
320,0.25106053745087087,0.12281755997386845,0.029425216494505246
321,0.0359961448344171,0.12123549041153414,0.07839105735490814
322,0.09731207511290307,0.07416482879031627,0.15500180561119337
323,0.20505912223035072,0.20779735804618937,0.10305577518926612
324,0.05139293509314957,0.06127307986540653,0.28088957026215944
325,0.22933872578469838,0.19222544341765524,0.12173529605792854
326,0.14847558279531758,0.052146458164859355,0.07544362445203368
327,0.1759550863040671,0.06644768299309256,0.23897742682373752
328,0.09167954633751729,0.11256563482767656,0.07215155598369394
329,0.25397777098498436,0.3603906512896613,0.0021085609088805635
330,0.19050606863323938,0.23375219466081765,0.06866473042323273
331,0.11010205673906936,0.1133046884284421,0.01870084462193644
332,0.1747849153926307,0.20055139358744434,0.1882210068495377
333,0.00391478651178212,0.17316662417571488,0.06694802416041234
334,0.0341054468750287,0.025649142478967768,0.04487899945855023
335,0.04341747442692345,0.0636709658206418,0.07914372470557063
336,0.23857583454192394,0.19140619888505161,0.11876252944324572
337,0.021486839765075372,0.061793567461968624,0.028055562821384106
338,0.014764105862283383,0.13924964781468574,0.01961601518156897
339,0.16814995051901444,0.09652315975264292,0.07135594632892106
340,0.09489960438437184,0.0732364165040914,0.21397650456233575
341,0.19027674374589926,0.17029728603759842,0.10064771202574901
342,0.06617754105440521,0.11028908919314606,0.09782009005923864
343,0.19433064633798625,0.10599476565370691,0.1336219241737613
344,0.23041129118281167,0.20704213788869708,0.09134189000557957
345,0.025899441223640962,0.017838844349376548,0.018755957995727712
346,0.26940472270942906,0.1625588809548258,0.09036335786710159
347,0.18205103017677526,0.16123336688147089,0.04748757502740564
348,0.011369868319325183,0.029193234146433544,0.07145389547438502
349,0.11131330539621065,0.022037591588452532,0.045184775249963394
350,0.0671474457446462,0.13465551319609936,0.08203416222376891
351,0.059010919162812536,0.013454122016462566,0.14678047598258692
352,0.037462709874587885,0.040659732383108826,0.08872020255368446
353,0.0369437638186661,0.01804072631712772,0.00371036516215395
354,0.31815169874721727,0.18444560995936554,0.2045896418459608
355,0.023004053521523793,0.090918604209894,0.014111563050871134
356,0.3133312871108931,0.2735784201521229,0.039614975016181275
357,0.1314564649027964,0.061037122040679126,0.020793773287200668
358,0.12075147707837597,0.1729553445204658,0.03466187768036838
359,0.2268643880315157,0.06254805818965936,0.2466813202246323
360,0.0243570077327111,0.12718430216512105,0.17176376241850355
361,0.1533132557670277,0.03636351134223226,0.18047952755612207
362,0.0017357110299683898,0.0627374657252005,0.0020890368204825593
363,0.07648554553875087,0.2042193510234558,0.06698854935558685
364,0.28436832091880715,0.1382986759916197,0.24404955265023692
365,0.012961501824092891,0.27467555251336706,0.05703776023406493
366,0.08934054647338907,0.08373887656301848,0.029269399396519513
367,0.040749157157179416,0.08824626269211305,0.1991847275129377
368,0.2707248112923064,0.06280820770773854,0.14994943599614702
369,0.22178669593663858,0.2814340469052268,0.09048682072632669
370,0.13327659515891221,0.10750483623245749,0.08523356557457784
371,0.1266477205428742,0.05318537216328645,0.022617253753160593
372,0.021791668241664952,0.2170985764919272,0.09042126582298116
373,0.021782520363249902,0.06600227005238601,0.25140565977883744
374,0.05122834499312723,0.036301521916316803,0.1651464772282023
375,0.05417462882735735,0.09334470497919206,0.018834578854350914
376,0.10557070528767898,0.13301508787348904,0.01820427598449892
377,0.07716991875428286,0.08826970385877764,0.18373324963026427
378,0.12821655622232808,0.12543091062933504,0.38210433549106537
379,0.13354103448316262,0.18762320216782857,0.39148459616772047
380,0.17400643161696305,0.15655039205595211,0.1457082400626366
381,0.34643221738722585,0.2235617090493185,0.09235144261143058
382,0.0015774793024669886,0.09521823398365847,0.1772057550285343
383,0.15119124377547188,0.09400152547619156,0.08530117121860104
384,0.022304239286802696,0.007786892995073402,0.03382406541181826
385,0.13724855127585545,0.08577347213560294,0.2963309652694611
386,0.2452645238390167,0.14250782782544746,0.13082080782451977
387,0.14103276487566552,0.18044224092448813,0.18639924247949496
388,0.017719961427572428,0.08421428145914378,0.06255260009466457
389,0.28027705390511215,0.25026089070851326,0.16178020149014805
390,0.044475355503034164,0.017794410642237524,0.05544888040797136
391,0.21360763043710684,0.06569623538197666,0.08597970664092125
392,0.04118033825258033,0.0165315444954508,0.024361697281686023
393,0.26529326178180135,0.2867309228592404,0.12641648686068052
394,0.16219523552360693,0.28851628773095306,0.4917906632330137
395,0.056010332670823726,0.07290403449445149,0.2450593332755837
396,0.013884014460819216,0.016433526166343193,0.1487973373819001
397,0.03400501027729641,0.0597991973075247,0.0683725692252688
398,0.12846894196765507,0.3216999751806293,0.17538025193997203
399,0.19869940030799732,0.2329491979021895,0.024286661829616918
400,0.06719082055431236,0.09769377396804746,0.082029523720339
401,0.37118765157440065,0.4104609023267374,0.05558829227250228
402,0.0477519239612314,0.015922411893520394,0.1437693351159388
403,0.0989276446014129,0.11766509481737542,0.009939901220087921
404,0.1493779584195884,0.08885895695188273,0.3120330594509215
405,0.05277889157108018,0.09358045954936439,0.19798262628609908
406,0.06648114951624517,0.002674976877724,0.03317464733013986
407,0.22059694383183875,0.060027889855234884,0.3590757471063442
408,0.011168954694882105,0.040335687273958754,0.06582611390529991
409,0.10415504326779479,0.16591793568998453,0.10907938150717256
410,0.20633156427597565,0.19564341230163207,0.03715120280176759
411,0.0022647558895541042,0.09096341344975051,0.050786108489859205
412,0.3702874396315764,0.3221135854935194,0.048969897411153096
413,0.04473557894291641,0.22468049227909725,0.07865271054150036
414,0.13652772255298662,0.09348468785732011,0.20820351501291434
415,0.14226477095710943,0.16118445723923713,0.2668926984196615
416,0.04748990907856521,0.01710263160831027,0.08540896207063431
417,0.04178654665833659,0.06922268610500143,0.013191799041380126
418,0.01689253793167783,0.023434267032641176,0.25126568210623534
419,0.02657738515420488,0.045724376209566264,0.02731117411590389
420,0.02002689915659106,0.04717797380362937,0.24842344960456686
421,0.09185640047583354,0.04289062064224802,0.07672122465983272
422,0.10795381991490899,0.031463602691609194,0.045227800384495476
423,0.027075583173585216,0.06258098073372953,0.12050362446942386
424,0.31754370513408325,0.21692935735575936,0.016269679984924235
425,0.05496972084394619,0.0036897260693584677,0.04741748022760339
426,0.04888601084843491,0.017496429555363013,0.006303557229418999
427,0.16052656549506716,0.16385300112743517,0.13708204694747061
428,0.11693913525421906,0.06734506014246266,0.30611120163912064
429,0.14905393132960276,0.10600023194589636,0.04834357160622221
430,0.08941329728765007,0.09956287710759992,0.05733553644306033
431,0.2011878689299902,0.08401046312530491,0.34795631879362654
432,0.17942045298951725,0.10687594921714288,0.3026688586209225
433,0.1565613649433799,0.026434067174699205,0.041432024261346734
434,0.10928066124288571,0.16091162952812615,0.2283714674209139
435,0.08408358661549159,0.020680999242013387,0.20885264568988887
436,0.09091764450676454,0.2153877279253753,0.177226853179426
437,0.1829640913518651,0.09996573837263617,0.03737413962204794
438,0.09257418276083418,0.054661981034854534,0.14187029924837957
439,0.2811093548457504,0.22453650095074468,0.10152479244432533
440,0.08654124586158907,0.05153266647200555,0.03616848879950657
441,0.08237920996046533,0.06094899511695795,0.04993118122473472
442,0.1235507103861816,0.11120784978840564,0.004971607851415483
443,0.0126812757586926,0.018700477270689575,0.13571233530167448
444,0.09812025603720753,0.08755911987093801,0.14026803592817028
445,0.14825281209057156,0.0848254380389134,0.09373642616762523
446,0.26753131667740904,0.22715668786121923,0.13569905591134634
447,0.14903733724208212,0.15139582406838237,0.3268936348981878
448,0.06989831205709113,0.04899496927216551,0.06644165996642326
449,0.13601475520705203,0.011940541715131259,0.10491877567802999
450,0.0654566433330554,0.020095781530953483,0.217982436419915
451,0.279113407731799,0.35441719177669984,0.03068228379131377
452,0.15693221032855037,0.16811602591977326,0.18693806349652403
453,0.0008686423214131489,0.2073863191364992,0.09721574544605838
454,0.02839152023579522,0.13170636560039062,0.18591973797172529
455,0.060681520635840536,0.12770276489060378,0.10245719683234089
456,0.046865263347741326,0.15166342310531006,0.16926432403717995
457,0.06053250983084557,0.11225891834253576,0.07807443086193255
458,0.2646695728071634,0.03342799436863825,0.21918684269549904
459,0.09313098541125797,0.0031091844447954653,0.0026229008938539744
460,0.1079268409997941,0.13083594985285635,0.08139440108398849
461,0.10063472297559428,0.05884888164758201,0.17792802936881358
462,0.16983287041857076,0.22836804739332095,0.1327908935471619
463,0.14992415266765663,0.15187188229557147,0.03787941197729694
464,0.23668105248776905,0.036362065960473644,0.0912449038727291
465,0.029089522262235934,0.10631764250820352,0.1293404213618905
466,0.16190505991655807,0.048314243552822544,0.0890551534071371
467,0.13109277627527194,0.15634595882299418,0.0018917954646627821
468,0.003100071482257327,0.03081807792818647,0.03613033513855224
469,0.06353978444270314,0.028574318661509335,0.12157218770658917
470,0.14163049894516405,0.12179997008745735,0.0012055478287930077
471,0.09108622593134652,0.052089968762210226,0.020402771979459278
472,0.06159590290213551,0.10537942157043506,0.08702807694581177
473,0.14048005140304964,0.22402719076031957,0.03039636233683929
474,0.08725734098668947,0.07000043529207745,0.08455772228224828
475,0.10492716356638021,0.0634679354068658,0.14067330191741123
476,0.057622863722964546,0.16851550037422192,0.19555271240313
477,0.019768505698853966,0.053790252370422675,0.2886385907246272
478,0.30550425808196213,0.3603221123482927,0.1761824109088328
479,0.23772735953568458,0.3928310746633147,0.02917060423018336
480,0.1871559795393382,0.03496607497827997,0.11344353094847781
481,0.003223942106008737,0.020290944526445975,0.18785890716490383
482,0.08516176535117603,0.07756978087213984,0.041399722596740296
483,0.047937011667279594,0.010809847573044151,0.11197299006923078
484,0.16046463822833457,0.2630743539662002,0.03831743171899893
485,0.22013373114916002,0.11111106614060745,0.0362631308116923
486,0.0026911868237402548,0.010665417696008594,0.10319331886436311
487,0.012024651385371066,0.08076329366137813,0.2772588473990828
488,0.00020388432071760665,0.07709424769194995,0.1896360392264751
489,0.08077814424355634,0.0099802711047694,0.1022200637543571
490,0.11951184518202401,0.09608221381278598,0.12551347829604786
491,0.05847505315799317,0.039617676696217186,0.28586439812245923
492,0.1952380690764307,0.1726655774848591,0.12813029535707543
493,0.02742607920513329,0.05370245971522669,0.12725268865896755
494,0.3472715267690484,0.24686458443400905,0.21621194341937988
495,0.09989995494862491,0.03560520199393774,0.09947122905345346
496,0.20870979865576655,0.06679793261887834,0.16516355753521206
497,0.002563762265634928,0.20370883947861151,0.02725317016054729
498,0.4131509167787839,0.34176594207704925,0.20564757060423222
499,0.32339544855501257,0.278485930490315,0.04351521781395573
500,0.08427201262621142,0.106315919396471,0.07094969130152495
501,0.06863341695833053,0.30569977181135743,0.25027929667572213
502,0.09254842068580316,0.024722232951634282,0.12193438286665881
503,0.1625874862955844,0.13205134943356955,0.030585754807638255
504,0.1168200017908072,0.11366692652530086,0.11275070643407403
505,0.059462441406279765,0.05333524498433795,0.1515532473925285
506,0.3958069369857043,0.31476094142790245,0.004687499595329436
507,0.2970186331412219,0.20335810587697134,0.014623948206211046
508,0.12979790183105921,0.07135902299519314,0.026318183446467525
509,0.20396845492699528,0.21581188324380718,0.20170668325131785
510,0.0002782916444299399,0.07311225854314857,0.06786673479397548
511,0.137367194881848,0.027241979951659334,0.0995045405632411
512,0.272371358344374,0.1822719652448308,0.05226845743710984
513,0.015440850151450247,0.12200520986877672,0.14195834259370288
514,0.008890047150295843,0.12815238840515353,0.08048688433835316
515,0.0733368387586576,0.03719530607607513,0.11496883850127676
516,0.07057994285599845,0.021830802341002875,0.12664290929777267
517,0.06272884973876747,0.09827650599543558,0.11136071300036454
518,0.13913446657409212,0.013324780618562682,0.23728881061184615
519,0.04642756023071759,0.01208726055234155,0.04694831617019657
520,0.06765040406537082,0.008178083288069682,0.03818229944244411
521,0.22509818645844748,0.10013181325445103,0.15500979115268698
522,0.2382293510645273,0.2839994968954913,0.041313039478684366
523,0.18633048028379734,0.0958255536395578,0.12475684873908244
524,0.07828898256624761,0.10573022660738851,0.06993041051534665
525,0.012831006873232687,0.04029106709645114,0.021202015287920872
526,0.04670646718947202,0.11718078929992937,0.23633309566898297
527,0.22664656566102892,0.11542760626787063,0.03755161144225011
528,0.12510171201181175,0.08647659219046866,0.08297334150425151
529,0.037766519887461936,0.10155483360807549,0.19659659777748856
530,0.07385974031450271,0.1584632471381371,0.15028173281804952
531,0.1427319878742329,0.04876210094767197,0.17258717782259353
532,0.04090376470089074,0.011047503222892607,0.24916436367059397
533,0.05270312200594118,0.07833092958520965,0.3392367478181323
534,0.09379837918727807,0.11021661102527053,0.15774982526876363
535,0.18513543912413943,0.1171697264196323,0.13656650990417374
536,0.018793524638564763,0.1190350682284087,0.052406903116796744
537,0.05379448825623101,0.11751715321317446,0.19239972943791345
538,0.03628789879696215,0.061130422869728196,0.08219665929109987
539,0.1071611502394334,0.15085330348686,0.10315945818632988
540,0.26951737951719146,0.2724556273923353,0.07025433099595735
541,0.05613028897374134,0.04880293931224411,0.21443524638221717
542,0.18184081346488956,0.24242010277277393,0.2509085829615603
543,0.137970908640138,0.38701103032638207,0.24552893179680518
544,0.13171067732604358,0.07404094328000965,0.15015497686298412
545,0.34579772168686573,0.3272540797900031,0.006673497011952967
546,0.07954811509031023,0.02990307691497507,0.0058600410799245495
547,0.1940097706306368,0.26265806114139345,0.018567352602800624
548,0.02760253428731968,0.1598237443208924,0.052367631100219914
549,0.032550440534595104,0.036291359023849945,0.0536533740862557
550,0.037559500878666774,0.013255296967529695,0.027850151568517556
551,0.0019220677202606007,0.05592472835594997,0.11058093103382782
552,0.005689945372930216,0.011101559728345367,0.25921599070440965
553,0.09591237267877739,0.12634178717780525,0.019301157580198902
554,0.14259750430198237,0.15919261311559674,0.14942601307900621
555,0.28274269198750757,0.10561884720993164,0.07288790647253823
556,0.064056742412674,0.12702423558129372,0.0422877701952018
557,0.23803703420769134,0.16196497544961785,0.10483964173977
558,0.033392476758661915,0.04375112607676124,0.08277096135875217
559,0.00919147149209315,0.008519687387763653,0.03243821277363673
560,0.08267544241724056,0.1388893443181458,0.02036465406290322
561,0.3335820476009111,0.09368042502357488,0.055484820579913885
562,0.1923227593360033,0.039964861777137484,0.14587821435482162
563,0.024066604999588015,0.005420595370601022,0.04037766748974447
564,0.14737634063368754,0.014165160946090105,0.2211072816399533
565,0.26787067315540336,0.20243729118051185,0.04316779582389002
566,0.18564238105273156,0.10613827490446048,0.2193578418819725
567,0.06723936063515551,0.16556041020988355,0.22892311061869142
568,0.09734344515320426,0.03298369127384354,0.4226420506606849
569,0.03247997569598943,0.18618193735050437,0.085051802323929
570,0.09201640657025295,0.2187872353960828,0.22125708229963914
571,0.04492494953765114,0.1191061379866658,0.037970429301476205
572,0.0030891071669224557,0.016782718971270705,0.040533103402983106
573,0.11896928489630804,0.0290496387167567,0.07446669339650652
574,0.05271810330456217,0.0787482838705707,0.010027242209105558
575,0.1878182816588443,0.16442862360428823,0.0279078896532321
576,0.03711017166188513,0.1444675085437408,0.303516359757678
577,0.0037027857893167093,0.23112746779958482,0.286174150165989
578,0.06019518139133695,0.0803335724559367,0.017213745814603998
579,0.09890078098041294,0.09886605251194003,0.00808046850379196
580,0.1978099026649407,0.1549242685159669,0.10164062698815413
581,0.10160497773174532,0.117761274919569,0.2827832269276951
582,0.1258153387642954,0.11333551308781153,0.10802792397429195
583,0.10707054778071468,0.10168746261059403,0.11454760601449188
584,0.3599238579044498,0.23276117366415955,0.08995630704305146
585,0.05656703826445025,0.043093579593288356,0.09835375124919987
586,0.11147751147292556,0.038832628179562345,0.11120713644998792
587,0.29454901641916464,0.24361617010350273,0.012608903897306623
588,0.11580349995936512,0.26528598977546014,0.05576945481309037
589,0.07845768403113962,0.15920840894183208,0.15178599529543624
590,0.12835828357902235,0.028000941710886296,0.08125298546801496
591,0.0455956001783987,0.05264455160899162,0.18149597664861228
592,0.10631204783440035,0.05662329686582168,0.10078342544977598
593,0.2179146060374173,0.22330881333055597,0.12441544939938576
594,0.13323846798219485,0.1634389519348648,0.038443964606249326
595,0.0606196161116882,0.006778462282567954,0.04016612461224045
596,0.07021083753073643,0.060698068134066196,0.08249523308243656
597,0.18567461244882888,0.13124979231494532,0.07144436172194762
598,0.053597530264811954,0.06964127570866008,0.15886102456909768
599,0.0009977324769337992,0.23151603397459064,0.09422008524040487
600,0.031091998953191702,0.07427389929436179,0.05590014382809472
601,0.13327739350353485,0.08980110013292886,0.024833502367462845
602,0.03114021381793386,0.1416883028103577,0.032689222336761636
603,0.14626743829062605,0.13043751893693467,0.1527532749617384
604,0.05202991522331435,0.09985736599835981,0.19943645091693601
605,0.1590506049142527,0.12478647671067034,0.07857577123490689
606,0.14089766222145916,0.07300242031908927,0.08488292731927238
607,0.1487411810199406,0.0491106152725167,0.1878007422013832
608,0.004752817957028421,0.048504843953419974,0.2673390395279313
609,0.2373714575260774,0.09592960874451895,0.04000468508704802
610,0.17300784097146804,0.15994334558870194,0.05763511478836425
611,0.1262425316895689,0.12608273676595344,0.06759636414587633
612,0.2242042183763775,0.1851608333288784,0.025264099621047698
613,0.09300625314927025,0.007743726299704323,0.07351751197489131
614,0.2208215151297489,0.13984851598919867,0.36083616391009643
615,0.04033061936481036,0.08738669316315645,0.250872975626915
616,0.2551714348901777,0.15476910957312862,0.07340545190615849
617,0.002193353959071609,0.0729130388977347,0.17464581744857566
618,0.12291115836307831,0.1008486163754756,0.05024583688196138
619,0.08785529186942742,0.02412194632202469,0.17428905513945497
620,0.1924356752055576,0.25913544241507136,0.16129175005344187
621,0.14325554314350109,0.08684888414399738,0.09252192997542003
622,0.2585126521154941,0.15333548641952938,0.03787000035874344
623,0.004592341481498563,0.17166824313276297,0.09843728121242423
624,0.39233952902015556,0.5043115492538738,2.9712938799497657e-05
625,0.053769578745397006,0.18559297886972936,0.00574902486039508
626,0.037051651943810326,0.043153904476200156,0.00759456988031304
627,0.039312103437429746,0.03728468837719989,0.07703610317305215
628,0.1331100467969385,0.1552878753787793,0.44613791162680905
629,0.21431971562147162,0.13143642195839222,0.06316130231393158
630,0.027299743006125032,0.013980916852440517,0.0451841575140568
631,0.2792972243905196,0.23209398628592515,0.25727138272350997
632,0.17355205072648983,0.023348836532674277,0.1620657236307197
633,0.051293969105208115,0.048200026356050696,0.09051446395963902
634,0.13946173376977072,0.02405551419496066,0.06982229930628281
635,0.11536492806805926,0.0653396776552031,0.09760522033744795
636,0.18918323498436784,0.11985516073121727,0.02101037002781536
637,0.07160322665001007,0.051306384979387,0.12539376771006583
638,0.14477084800355844,0.1625255310987327,0.07377614960037593
639,0.003640682310494303,0.11636361168314374,0.1366785931563993
640,0.03212249107149662,0.12130474157612348,0.04611111871984147
641,0.21137061816395714,0.055218860932574554,0.02572992448861655
642,0.08689686520464268,0.05838090672827656,0.1614869231126974
643,0.1037920393219467,0.13648997971256321,0.011634202505865998
644,0.11385504084918019,0.05601134657257312,0.014492489323977509
645,0.1964272169494755,0.44574534629636026,0.19506992367340953
646,0.02714597596724544,0.17268608735219082,0.20403403601438386
647,0.02815764497250528,0.017142034207866086,0.028562931268071357
648,0.12352275631616638,0.27200027379190084,0.2483648054128617
649,0.18128245794961484,0.2858740776680005,0.18772310571209827
650,0.1243069299716541,0.035923388299006875,0.004747022739621132
651,0.08045111842225916,0.03028635502445487,0.07035263352324561
652,0.0036906103680696134,0.10806829631881776,0.20217762562949393
653,0.2104428155769118,0.08443274379088139,0.0725794405386953
654,0.029061372039813627,0.09408651040555227,0.2245848235491933
655,0.003358683859513878,0.013723635297983039,0.1342176046324347
656,0.07496501441400139,0.047701104864167454,0.14180121171897597
657,0.07761024659445376,0.016325695079519642,0.3415617454533997
658,0.022320849352252314,0.17388123673217093,0.06445247744878185
659,0.02905732103428116,0.08379297846944767,0.000386488949814634
660,0.4557439051446281,0.47599075314174955,0.026494098700242552
661,0.43108578430819683,0.37848155982929754,0.15241781418361988
662,0.14487134880444885,0.15014578854809868,0.21725776577822153
663,0.1521014952306925,0.3172444338572328,0.02312417934340305
664,0.07225987700657699,0.0644481582426098,0.020914145961349218
665,0.2173040951823515,0.22783044318653517,0.08484157602636255
666,0.033054349360519486,0.004489305084288353,0.08245859306086889
667,0.15051042248189367,0.034569924603224944,0.27659857247944375
668,0.14613000985101754,0.00959734080353869,0.1777937226959847
669,0.1092443398943414,0.09470895976673632,0.07312035193729388
670,0.07919919218056287,0.011215853651258212,0.13049719506412988
671,0.007363738201289771,0.12241416455114318,0.16700012074050224
672,0.14335848117621114,0.16476919998641415,0.05968981537488682
673,0.09819882268674485,0.0022749046003044393,0.08572952563958008
674,0.05874206780147817,0.08724650932052103,0.12460110117787992
675,0.23609912509629327,0.05566959032744756,0.0896645554832321
676,0.1721578253598569,0.22600379117697278,0.17452405434416784
677,0.08273685810246711,0.07694950390429645,0.18931698783652418
678,0.06618833625370746,0.073050528327676,0.13251893067044218
679,0.057826050083406466,0.06114167828372763,0.22949468121803362
680,0.31129310353847894,0.19991889681358121,0.0019986403365349625
681,0.03810021413509462,0.049761047234168965,0.0030111646946388015
682,0.06646345436133055,0.08767012431077914,0.0009193764330842624
683,0.37601295993317485,0.41713207544029374,0.025437200017094153
684,0.17262598488411257,0.1844938202145524,0.026115264215129108
685,0.1865615955467974,0.22394088365444365,0.017721615801492896
686,0.3149532608188479,0.23885100025297706,0.16772906604188442
687,0.12709985951445724,0.031350378094273434,0.2286889896386013
688,0.07873977164327228,0.018568831627452043,0.028118626159009175
689,0.26448829349103753,0.2737557359111681,0.5260611444032065
690,0.11968592342643147,0.06710923668787061,0.00270534634410291
691,0.11443332629789615,0.16093758606775654,0.15473481150659224
692,0.13130071049840908,0.07523825233080961,0.004027182289430331
693,0.17735280036753248,0.1291396687135682,0.14732828050538105
694,0.3001866162877602,0.15844190829198723,0.12255882710073435
695,0.08187314120137112,0.08767841655381536,0.21514108389489528
696,0.1512912643437524,0.13284220376753625,0.31167081877332325
697,0.07173019850809886,0.13502837255535782,0.03579799099836811
698,0.13378373101999175,0.07224218776136948,0.18510324548516127
699,0.15265215987927538,0.03054478779225428,0.15327547688716908
700,0.03596555256070699,0.08325750720073644,0.2297099174864104
701,0.14351730946549368,0.07354606779324202,0.2325214983372207
702,0.042059942048511434,0.052958005565499455,0.04527655371619377
703,0.057591319588619905,0.040913014414679594,0.31422759394337485
704,0.009773002068214631,0.06110667443193607,0.10603978346429582
705,0.010656244341893828,0.07443527316652909,0.22246086574387902
706,0.11804834359392063,0.009386865278360634,0.04956884258196703
707,0.24233310980445028,0.16983998950405121,0.11084058778275396
708,0.376857133751471,0.3384119868130191,0.038118498968004566
709,0.11438366094394248,0.026608805812199376,0.008337975808949238
710,0.0067588547023185175,0.0192833409418518,0.051967640479746
711,0.08787865065532241,0.1069245464160416,0.15901918915872593
712,0.10300183196822554,0.2355451990405107,0.1414398691965177
713,0.02629852560222079,0.08004622751144819,0.07847164323422928
714,0.0889507568225133,0.05317739032881902,0.127409426191325
715,0.11668960026890524,0.14450810974392214,0.24709255334171443
716,0.1470530194378311,0.11324220296800397,0.04447971381071447
717,0.18217822196139466,0.2493339724731256,0.10836287010952839
718,0.08218391103979927,0.03382645243876781,0.28010467963147534
719,0.04318675182483489,0.11358048486792427,0.2140174139117717
720,0.19769133639091985,0.22878671485684798,0.07639428888828592
721,0.18892904444863046,0.12950141296875395,0.07346580038872202
722,0.08515704512892686,0.0022539872924036697,0.32301809515066016
723,0.11010550134815955,0.03311749122135088,0.1893020297537582
724,0.24399586120894634,0.22038898356880587,0.00871492777167282
725,0.0890069898630752,0.15669478332941228,0.36202341699740814
726,0.07060026130041325,0.10860877153487569,0.17041940309150871
727,0.24927704581391058,0.0859073054360332,0.12055700063611319
728,0.011372263041046105,0.05963646453656457,0.19928226520594883
729,0.2678571963407623,0.28623436385534085,0.014457976217682855
730,0.11985052914218591,0.10103003540875294,0.38821799957748215
731,0.09833375074963813,0.10126905757338267,0.062116042319327325
732,0.17139201325054831,0.19899075878869216,0.14912426894437752
733,0.017858826694417185,0.09171647336575911,0.03241577522565747
734,0.001779083543132498,0.1415770109507382,0.04302700435598894
735,0.13874633381952017,0.28556628793496797,0.04481120543733219
736,0.11008471637987721,0.020750333959685174,0.17399558034104556
737,0.03284270345915308,0.0193281999124314,0.11078073718683767
738,0.31094438849403494,0.19688868782278457,0.22932729048196376
739,0.1870324630454589,0.221579587568135,0.0038641442528437597
740,0.021879817800398216,0.05453582176138738,0.14341398939890027
741,0.2178312016296165,0.14979657343343167,0.03437543921100228
742,0.08155282437709988,0.14430785456940665,0.1555866519193852
743,0.00018470890391542039,0.07177540966164775,0.1435807230136782
744,0.1825198529522638,0.19193980638747793,0.08024225171443616
745,0.019889847701345387,0.010737308064168727,0.016782667275411556
746,0.29164516267895524,0.29357784263885023,0.03418621429028157
747,0.017489745957830594,0.012377778639963033,0.2461449580780839
748,0.17888934589004235,0.02237924994199425,0.0019238121680830167
749,0.14327164972409157,0.09429013284276311,0.02267763756672936
750,0.17666800751250972,0.09251593978021933,0.013504754125307938
751,0.12718782456439276,0.02467224165175247,0.10816360006781445
752,0.08045033216333286,0.006710707573259533,0.10471196013647072
753,0.03876922289382445,0.268609294280966,0.15112784239728155
754,0.336678416056604,0.3910050080073241,0.14196351898570136
755,0.3366744321742725,0.14626285255108645,0.026681557929173705
756,0.2879333172113405,0.2802901020028048,0.1474975463003802
757,0.12950559838705183,0.06914710981382421,0.07869883854568283
758,0.007578123613661392,0.08534531720885852,0.11485508111989184
759,0.020173070624016964,0.04427221548185556,0.036317939366682706
760,0.16022400094985556,0.019435038891677303,0.15169664459914511
761,0.2687566625036214,0.27646265895998423,0.12044717128923421
762,0.2622537841496373,0.1430662695983123,0.06621235604650966
763,0.13337252627943819,0.045273137435876354,0.013593117331239246
764,0.3617260099845071,0.38599283015396024,0.16628606880193492
765,0.002894101226833423,0.036257471596515045,0.1583343234374237
766,0.2589602838514262,0.07988711359473849,0.06699728097893332
767,0.24685642013584452,0.10839935181361243,0.15368439584800547
768,0.23308118653051035,0.08460335429385235,0.08031300483476911
769,0.10923383184096391,0.010869855128207484,0.2246140018821675
770,0.18935446535451084,0.224985428528517,0.32986004506351063
771,0.05674073189129625,0.0973909522190447,0.22522512411720608
772,0.2999920490315986,0.2687262094711849,0.07263632429798089
773,0.0569591704933638,0.04772814104522849,0.0631227055076245
774,0.1841840996921883,0.16255643138013165,0.06938834975042735
775,0.1799371135896029,0.13584344023709094,0.13354067215448506
776,0.1622533388465604,0.11710626063031193,0.16570959695343113
777,0.16534013630266087,0.2059483267600153,0.37538248550350584
778,0.1239959148252342,0.03665054855726235,0.020558654335347093
779,0.09321969305612066,0.1440418474062346,0.15032592857797267
780,0.29725423450123084,0.32090193926792454,0.08405947084153748
781,0.00459676461879055,0.12401121746220445,0.3439665378513558
782,0.08734972422219356,0.12721661928864336,0.0835681889020865
783,0.15760071077046567,0.04839528207458421,0.11541356422847782
784,0.36074342501958023,0.2993978244478045,0.10795555786052569
785,0.13713675064671482,0.10201506585231679,0.1665019644428779
786,0.11104973617491665,0.09811595464262274,0.22503746325507573
787,0.052860624390985045,0.0073808310018512735,0.20462526740681908
788,0.3559972559928697,0.24892916028089868,0.13464000128263276
789,0.11454440535427901,0.2095033556623631,0.17892197578520386
790,0.009346951803307524,0.04552662969368976,0.0035406546495320157
791,0.013051467554731633,0.0008265537273437484,0.09329153683933195
792,0.17397876107357468,0.11367333633616605,0.0394934873554319
793,0.017350212115460617,0.072830894470305,0.029606687838882706
794,0.14889077382372196,0.13499477748671496,0.19566389524812533
795,0.10268463762686142,0.0828434962241702,0.07373588694321365
796,0.18905365205077285,0.06383468752939281,0.009440375100228549
797,0.016130096329227517,0.00788684008206697,0.1711384618994617
798,0.23422121116263728,0.272871783271782,0.060351767487247354
799,0.24638849519112338,0.22715496215846076,0.14202397677890166
800,0.11146377829510723,0.053186951635267876,0.22183916241572427
801,0.1574088712953559,0.08084584454096577,0.3512562711135756
802,0.1145554271759166,0.09092848818452681,0.12845124189060442
803,0.017164861271015852,0.15601498766941047,0.14669171936229997
804,0.19087441828495927,0.2747307105412591,0.3630827091263046
805,0.11602124458907254,0.11431104827364424,0.12144327152172818
806,0.118353295926791,0.11014148077715713,0.1969043325000922
807,0.3698700124188419,0.5240092468582505,0.2138274013525025
808,0.004324613812357381,0.05325996930925886,0.06379179085592529
809,0.1199483100951157,0.04743207253394349,0.13706021301536547
810,0.1661969926032642,0.15816951665837142,0.1426706012028366
811,0.11254344796528448,0.2004801360402489,0.010345316788678116
812,0.3623151581326436,0.2956198151600957,0.06219876230246213
813,0.04810254968713934,0.13875630863803634,0.06577678049882124
814,0.07215179095326085,0.07382029216239039,0.029367291264874917
815,0.05725903412307748,0.28286913858145457,0.13280155627517315
816,0.2103622704197226,0.024957116840585936,0.013664923835480458
817,0.049875070596657745,0.08415439046394807,0.009124876870550858
818,0.058623482798035864,0.04059452356237825,0.07891318435122785
819,0.05842054948177933,0.025474186846835778,0.41069929671907013
820,0.03102336542013917,0.02536231553898638,0.17029891130320984
821,0.1110897161476147,0.057513171553595144,0.1598698163288212
822,0.04982790435821621,0.064169812017002,0.01619501756971342
823,0.05484009198768758,0.0687943244626526,0.14702343284310948
824,0.30963265751557456,0.13262530455125254,0.00713665129095975
825,0.07596974259576578,0.07285913012170575,0.11918631810257951
826,0.0654295489699071,0.02636051160303976,0.15434394135774482
827,0.03160869615522721,0.1406282763732154,0.09480999443880661
828,0.1519968484950759,0.2110208211561223,0.16543445527510203
829,0.0380087843780863,0.16508714801106628,0.07688005531779929
830,0.021603578680700508,0.034441418626037335,0.10229417386240697
831,0.11516197053698951,0.10960730788672068,0.09926126092622356
832,0.22072392524877804,0.024140032748862172,0.06842095922812547
833,0.20251526783046558,0.235464578655308,0.06940034088308528
834,0.05940734577898826,0.09268373146290432,0.13639929390885186
835,0.09190474062954757,0.09209420181379113,0.004027702264335131
836,0.015431527697154168,0.0841192562494174,0.28687940576002335
837,0.04937821830731032,0.03430032609704803,0.15695164058853228
838,0.10554884872863934,0.32628102497680844,0.016689709860489343
839,0.17981575002387384,0.07922855007908647,0.12270760214710069
840,0.16595079268037632,0.13520039430463981,0.3398361477122296
841,0.15441963013587212,0.1859174867452168,0.10588296984821743
842,0.1349028116289508,0.31532425798428176,0.22497082328037926
843,0.12141810182687196,0.05258131856871784,0.07588910883301053
844,0.07293805235791506,0.04050856537867409,0.017848150830134024
845,0.06555567288871345,0.007323162019182261,0.15531479841588314
846,0.10820521172704095,0.1515570290625624,0.057693842860589206
847,0.2764062585446688,0.3557302317586247,0.07686600536772237
848,0.270766013806541,0.19338722275176962,0.002800857672580981
849,0.2266158628182774,0.07110731902332357,0.03965024189202815
850,0.017282634666260344,0.035761080060880246,0.2484093909301089
851,0.03715586666650039,0.07607888293052645,0.06753516621858213
852,0.07838676512720166,0.062112964169230844,0.13831236861638524
853,0.08078152274633921,0.06444929413727307,0.17659576119755044
854,0.09896223292004891,0.22966075877269132,0.015354664228368287
855,0.07130282349935413,0.08419666842062573,0.023124998593976986
856,0.09182814851727633,0.17923102722131867,0.07515263589333454
857,0.13354287758181582,0.19566215195140213,0.0005611408436947407
858,0.18364971171677796,0.001083771516509735,0.03730566893055598
859,0.206916568044127,0.1467256091981144,0.10703084549314301
860,0.1593115026734181,0.18599746249599186,0.24369961598318168
861,0.19336533976677017,0.16538416429126668,0.07051142854463288
862,0.02995122565989511,0.006140560019808561,0.15910356028388473
863,0.06875842165320362,0.008919169756865353,0.17520543279820877
864,0.40697405146297283,0.4192307573379299,0.07423934296617651
865,0.041880982639211084,0.10464525250816475,0.11641511632375912
866,0.0869498986392101,0.22825944197747539,0.11853486505889554
867,0.01558120621980319,0.1543131927591777,0.19180862506924046
868,0.13819449485258295,0.18037956869726557,0.07366186046391954
869,0.07982558231612424,0.19274823792873597,0.2903332115120897
870,0.07374746264723447,0.002721886388980299,0.02923999217371953
871,0.03770098623036944,0.19326656401951736,0.012585288750697088
872,0.1683670778673182,0.11840187478365671,0.03436153013032206
873,0.18595588752643105,0.17500956607059748,0.18799326228946417
874,0.001559414616396415,0.010639929508175716,0.2477644737601961
875,0.21365075280809775,0.28030920614171717,0.04549368333943665
876,0.014572631132587333,0.13286494952464256,0.227743469143041
877,0.014839692435204166,0.05632141438605581,0.09636443748773454
878,0.05703818072299327,0.03652653459645849,0.09134019674370064
879,0.17214305086760828,0.24394308556373884,0.12019431961086158
880,0.23090982402783533,0.13622731242534758,0.20337031602117117
881,0.19870006223430636,0.031997754745410945,0.25587475119063524
882,0.09457800925313131,0.19011373314829738,0.2795932557004024
883,0.09934622229680412,0.036101796406545594,0.04911972381198515
884,0.20351681310816738,0.16291137769446146,0.03138164033842494
885,0.057641690576912485,0.06585905048132595,0.15779757118283189
886,0.28681033609898277,0.19747922567185178,0.46450958373129103
887,0.2489952159093901,0.30483475013539746,0.05518036232344459
888,0.046503056918522634,0.0045182513082761,0.11127186493070829
889,0.09805601313822865,0.07227092149343484,0.06039063475398809
890,0.268057953761927,0.24111339792814596,0.10106865148191596
891,0.10906773608763387,0.012781375621868651,0.06575178598984832
892,0.12832625279671273,0.08917298856918116,0.18399411685150552
893,0.007426411330112237,0.11419971232695103,0.0012148554967296166
894,0.2255388346368925,0.28565556058026653,0.09921673651437946
895,0.12224205111981168,0.14616159716018773,0.09695153468478807
896,0.2039630415424648,0.15389925004402688,0.11118979260724193
897,0.12621791460667786,0.18205885862816656,0.14527767185315743
898,0.08214261892954344,0.021789486341478148,0.19700408015695003
899,0.25680140191642276,0.17963873321387924,0.30903283932068837
900,0.0642278637931466,0.0981655164460633,0.10076667295353336
901,0.030759795639352494,0.052527121312829606,0.21794750696493487
902,0.21722581927667994,0.12318114322604123,0.08233453986459582
903,0.13374394366586484,0.2338990426420881,0.1095528450588687
904,0.024357952233021285,0.09448740314129389,0.05973056070990712
905,0.1364947332906452,0.1775583039452222,0.13718054708689287
906,0.013123107744567264,0.15338002288608765,0.12005881248249095
907,0.05503209612139437,0.12514677948988684,0.05614197220739525
908,0.20054903868338625,0.17474710155030604,0.006193995901260685
909,0.32886229164328173,0.26887181961834905,0.13180062475557797
910,0.025058176989112724,0.11626243699549121,0.05333298283364035
911,0.3215325766685123,0.36640873664663165,0.08826541560894796
912,0.032949661514617534,0.02371238705449563,0.21702837173644351
913,0.1017916249261882,0.008460134695794874,0.09241941426921019
914,0.020202510121995587,0.01252390257870395,0.0755691770199407
915,0.1872857041939504,0.18890723330967923,0.1255624056055536
916,0.012765458734864676,0.12034571274971295,0.04311391774780615
917,0.3454555632116852,0.30564603846052985,0.3190843780863753
918,0.12090549315003829,0.16817471475285695,0.25614353804259876
919,0.06887413601922043,0.21426298476393724,0.16327063866817204
920,0.13500235837250385,0.01036055547667003,0.0689509993185437
921,0.2561096343962906,0.28967481034987286,0.008872003442355947
922,0.20640491001907674,0.244629310391847,0.019576280610714814
923,0.007483641386165585,0.012828438146700982,0.026219244624348215
924,0.09143138512745286,0.24064178661377078,0.02110252528264911
925,0.016136245231171076,0.05312335999985307,0.21193858088274792
926,0.04196093799564127,0.08819138325153691,0.07257387054677328
927,0.22130774781898266,0.3398179344925901,0.18279221969645154
928,0.15295581117259716,0.07304209101702341,0.17172051752204032
929,0.18589886458630245,0.1756011501136837,0.005168740032625352
930,0.01923791856774515,0.08954818670165587,0.2184828883361981
931,0.27115817363724676,0.16545579941762945,0.07868083839497664
932,0.04163746813422253,0.04273782502101614,0.054112606502043414
933,0.16243941863232964,0.03581923420230548,0.09092219980175836
934,1.4240616616922885e-05,0.13052880652158072,0.05395227070536179
935,0.06726789494239283,0.10745049461804373,0.07026025917267353
936,0.1170039583904926,0.17431206769967644,0.06408383387965322
937,0.06472594707827828,0.09780628548741144,0.18235870479040028
938,0.29140396811001046,0.1874418359932335,0.13659585430914545
939,0.11716511187064682,0.3369668759609066,0.06299540470819887
940,0.14461193114644844,0.07469745557890389,0.14518867708548616
941,0.15828677276997805,0.145359935687714,0.0782348755823733
942,0.09329796826339315,0.058078436624819374,0.198131923818342
943,0.08740360398698444,0.2153391553499916,0.011493633757837074
944,0.17443452470591148,0.286983091296969,0.08716005636585628
945,0.3377652825389241,0.15358197571270382,0.2959324847108551
946,0.13303218904142078,0.24972992609014444,0.09950464963229005
947,0.04352905683965924,0.08700322413488881,0.3231273546547747
948,0.48572825086601257,0.4275994762100571,0.10286883674123881
949,0.19926728086025147,0.13291947349419758,0.20163319769690735
950,0.15365076516011833,0.1426081756706838,0.18054927215336192
951,0.028919981864532818,0.10098914536468995,0.0459398744931524
952,0.44459758451829745,0.24254329820920428,0.025353723095546177
953,0.19025182605681967,0.07326322360235749,0.02505146300254535
954,0.15926613875918166,0.05625792437038685,0.1356093699730151
955,0.06582047551245329,0.059277656808703616,0.15166852171903233
956,0.17174448085221017,0.044493482564871456,0.06807851593941061
957,0.1412105573277186,0.05382878464830787,0.0078029584479965
958,0.130795268343893,0.2469871285466343,0.4162019069107328
959,0.12471021831403639,0.35533652374054836,0.0407188222282443
960,0.07057022505121607,0.09645469909270932,0.02579950051315827
961,0.10853967622566185,0.008549521555113349,0.06790571015177799
962,0.13098755830155562,0.018339568677778084,0.14269208088057372
963,0.08891792360790518,0.1593761083643651,0.052280626310829414
964,0.1903658348157829,0.13149241160523872,0.1279857234370424
965,0.08696306157753836,0.006502444841090527,0.15543345732218306
966,0.003963071429920362,0.002643372056250759,0.1992877372896521
967,0.04226516211925546,0.01966534179575008,0.17880218402348402
968,0.27693467572983765,0.030040665678606915,0.013253240734537153
969,0.1295711669721183,0.11281126639645844,0.0798883941386872
970,0.2917429837339768,0.1954080549115247,0.016442043242901994
971,0.17919362709973974,0.18437439120300636,0.167204709302184
972,0.08004471376207722,0.018701635816457562,0.16770545483100807
973,0.15230842174057524,0.18045415839977136,0.03926612020865894
974,0.4061598701065168,0.25701126633327365,0.1758355511344496
975,0.10041192069082483,0.12399535539371975,0.10581162362667945
976,0.1565079492243715,0.2720113666167842,0.04907759449755761
977,0.18409712980789628,0.14497139191358266,0.18572207799071871
978,0.05657456224865798,0.11139651797326938,0.1663250216051208
979,0.03207048575075133,0.10724824710134906,0.4739388555967935
980,0.06869244217374282,0.011568590717965233,0.17470829997914517
981,0.18103207395686616,0.1600799690574311,0.23327868798890644
982,0.041258863155234304,0.05659789489368994,0.07148145863980654
983,0.0027206377055991604,0.135428511755608,0.14475487901644396
984,0.06493747390690541,0.0575537839456961,0.1166178588175193
985,0.07431264079986666,0.0869136402314944,0.2527206349206541
986,0.03844872162515267,0.005003457201055883,0.2879079498811724
987,0.12940231948748432,0.1375074149905281,0.12620347063123022
988,0.10015799591323316,0.08656880827640029,0.10567448843901056
989,0.06830464133655734,0.13482168077997908,0.17355170113436041
990,0.09631669666036274,0.05530940315796151,0.19170704016556017
991,0.10457624980896107,0.03902311078750109,0.07923771718052386
992,0.056371079170785376,0.07788102007273973,0.20604166393811585
993,0.23119057567408574,0.25305618201041447,0.1012296145813869
994,0.11565786792567578,0.2727310711516578,0.13108401660593283
995,0.0013030654733313662,0.02071794054501963,0.2693910770025649
996,0.1070824930448101,0.16917775695565673,0.14545119575225496
997,0.27236088005272374,0.2000764189713063,0.312607117324059
998,0.05323574517200569,0.0004593964729610045,0.17910444918485668
999,0.049004510817064695,0.08754011929935152,0.4021464907683435
